ProductKey;Product Name;Product Subcategory;Product Category;Size;Weight;TimeToManufacture;LineName;ModelName;ProductDesc;ProductStatus
1;Adjustable Race;NULL;NULL;NULL;NULL;0;NULL;NULL;NULL;Current
3;BB Ball Bearing;NULL;NULL;NULL;NULL;1;NULL;NULL;NULL;Current
2;Bearing Ball;NULL;NULL;NULL;NULL;0;NULL;NULL;NULL;Current
5;Blade;NULL;NULL;NULL;NULL;1;NULL;NULL;NULL;Current
13;Chain Stays;NULL;NULL;NULL;NULL;1;NULL;NULL;NULL;Current
11;Chainring;NULL;NULL;NULL;NULL;0;NULL;NULL;NULL;Current
9;Chainring Bolts;NULL;NULL;NULL;NULL;0;NULL;NULL;NULL;Current
10;Chainring Nut;NULL;NULL;NULL;NULL;0;NULL;NULL;NULL;Current
178;Cone-Shaped Race;NULL;NULL;NULL;NULL;0;NULL;NULL;NULL;Current
12;Crown Race;NULL;NULL;NULL;NULL;0;NULL;NULL;NULL;Current
177;Cup-Shaped Race;NULL;NULL;NULL;NULL;0;NULL;NULL;NULL;Current
14;Decal 1;NULL;NULL;NULL;NULL;0;NULL;NULL;NULL;Current
15;Decal 2;NULL;NULL;NULL;NULL;0;NULL;NULL;NULL;Current
16;Down Tube;NULL;NULL;NULL;NULL;1;NULL;NULL;NULL;Current
88;External Lock Washer 1;NULL;NULL;NULL;NULL;0;NULL;NULL;NULL;Current
90;External Lock Washer 2;NULL;NULL;NULL;NULL;0;NULL;NULL;NULL;Current
82;External Lock Washer 3;NULL;NULL;NULL;NULL;0;NULL;NULL;NULL;Current
83;External Lock Washer 4;NULL;NULL;NULL;NULL;0;NULL;NULL;NULL;Current
85;External Lock Washer 5;NULL;NULL;NULL;NULL;0;NULL;NULL;NULL;Current
87;External Lock Washer 6;NULL;NULL;NULL;NULL;0;NULL;NULL;NULL;Current
86;External Lock Washer 7;NULL;NULL;NULL;NULL;0;NULL;NULL;NULL;Current
89;External Lock Washer 8;NULL;NULL;NULL;NULL;0;NULL;NULL;NULL;Current
84;External Lock Washer 9;NULL;NULL;NULL;NULL;0;NULL;NULL;NULL;Current
22;Flat Washer 1;NULL;NULL;NULL;NULL;0;NULL;NULL;NULL;Current
24;Flat Washer 2;NULL;NULL;NULL;NULL;0;NULL;NULL;NULL;Current
27;Flat Washer 3;NULL;NULL;NULL;NULL;0;NULL;NULL;NULL;Current
26;Flat Washer 4;NULL;NULL;NULL;NULL;0;NULL;NULL;NULL;Current
29;Flat Washer 5;NULL;NULL;NULL;NULL;0;NULL;NULL;NULL;Current
23;Flat Washer 6;NULL;NULL;NULL;NULL;0;NULL;NULL;NULL;Current
30;Flat Washer 7;NULL;NULL;NULL;NULL;0;NULL;NULL;NULL;Current
28;Flat Washer 8;NULL;NULL;NULL;NULL;0;NULL;NULL;NULL;Current
25;Flat Washer 9;NULL;NULL;NULL;NULL;0;NULL;NULL;NULL;Current
31;Fork Crown;NULL;NULL;NULL;NULL;1;NULL;NULL;NULL;Current
20;Fork End;NULL;NULL;NULL;NULL;1;NULL;NULL;NULL;Current
21;Freewheel;NULL;NULL;NULL;NULL;0;NULL;NULL;NULL;Current
32;Front Derailleur Cage;NULL;NULL;NULL;NULL;0;NULL;NULL;NULL;Current
33;Front Derailleur Linkage;NULL;NULL;NULL;NULL;0;NULL;NULL;NULL;Current
34;Guide Pulley;NULL;NULL;NULL;NULL;0;NULL;NULL;NULL;Current
77;Handlebar Tube;NULL;NULL;NULL;NULL;1;NULL;NULL;NULL;Current
78;Head Tube;NULL;NULL;NULL;NULL;1;NULL;NULL;NULL;Current
4;Headset Ball Bearings;NULL;NULL;NULL;NULL;0;NULL;NULL;NULL;Current
65;Hex Nut 1;NULL;NULL;NULL;NULL;0;NULL;NULL;NULL;Current
66;Hex Nut 10;NULL;NULL;NULL;NULL;0;NULL;NULL;NULL;Current
67;Hex Nut 11;NULL;NULL;NULL;NULL;0;NULL;NULL;NULL;Current
63;Hex Nut 12;NULL;NULL;NULL;NULL;0;NULL;NULL;NULL;Current
64;Hex Nut 13;NULL;NULL;NULL;NULL;0;NULL;NULL;NULL;Current
72;Hex Nut 14;NULL;NULL;NULL;NULL;0;NULL;NULL;NULL;Current
73;Hex Nut 15;NULL;NULL;NULL;NULL;0;NULL;NULL;NULL;Current
56;Hex Nut 16;NULL;NULL;NULL;NULL;0;NULL;NULL;NULL;Current
57;Hex Nut 17;NULL;NULL;NULL;NULL;0;NULL;NULL;NULL;Current
75;Hex Nut 18;NULL;NULL;NULL;NULL;0;NULL;NULL;NULL;Current
76;Hex Nut 19;NULL;NULL;NULL;NULL;0;NULL;NULL;NULL;Current
68;Hex Nut 2;NULL;NULL;NULL;NULL;0;NULL;NULL;NULL;Current
69;Hex Nut 20;NULL;NULL;NULL;NULL;0;NULL;NULL;NULL;Current
70;Hex Nut 21;NULL;NULL;NULL;NULL;0;NULL;NULL;NULL;Current
61;Hex Nut 22;NULL;NULL;NULL;NULL;0;NULL;NULL;NULL;Current
62;Hex Nut 23;NULL;NULL;NULL;NULL;0;NULL;NULL;NULL;Current
71;Hex Nut 3;NULL;NULL;NULL;NULL;0;NULL;NULL;NULL;Current
74;Hex Nut 4;NULL;NULL;NULL;NULL;0;NULL;NULL;NULL;Current
54;Hex Nut 5;NULL;NULL;NULL;NULL;0;NULL;NULL;NULL;Current
55;Hex Nut 6;NULL;NULL;NULL;NULL;0;NULL;NULL;NULL;Current
58;Hex Nut 7;NULL;NULL;NULL;NULL;0;NULL;NULL;NULL;Current
59;Hex Nut 8;NULL;NULL;NULL;NULL;0;NULL;NULL;NULL;Current
60;Hex Nut 9;NULL;NULL;NULL;NULL;0;NULL;NULL;NULL;Current
8;HL Crankarm;NULL;NULL;NULL;NULL;0;NULL;NULL;NULL;Current
37;HL Grip Tape;NULL;NULL;NULL;NULL;0;NULL;NULL;NULL;Current
80;HL Hub;NULL;NULL;NULL;NULL;1;NULL;NULL;NULL;Current
182;HL Mountain Rim;NULL;NULL;NULL;400;0;NULL;NULL;NULL;Current
189;HL Mountain Seat Assembly;NULL;NULL;NULL;NULL;1;NULL;NULL;NULL;Current
170;HL Nipple;NULL;NULL;NULL;NULL;0;NULL;NULL;NULL;Current
185;HL Road Rim;NULL;NULL;NULL;400;0;NULL;NULL;NULL;Current
192;HL Road Seat Assembly;NULL;NULL;NULL;NULL;1;NULL;NULL;NULL;Current
199;HL Shell;NULL;NULL;NULL;NULL;0;NULL;NULL;NULL;Current
197;HL Spindle/Axle;NULL;NULL;NULL;NULL;0;NULL;NULL;NULL;Current
195;HL Touring Seat Assembly;NULL;NULL;NULL;NULL;1;NULL;NULL;NULL;Current
98;Internal Lock Washer 1;NULL;NULL;NULL;NULL;0;NULL;NULL;NULL;Current
97;Internal Lock Washer 10;NULL;NULL;NULL;NULL;0;NULL;NULL;NULL;Current
100;Internal Lock Washer 2;NULL;NULL;NULL;NULL;0;NULL;NULL;NULL;Current
91;Internal Lock Washer 3;NULL;NULL;NULL;NULL;0;NULL;NULL;NULL;Current
92;Internal Lock Washer 4;NULL;NULL;NULL;NULL;0;NULL;NULL;NULL;Current
94;Internal Lock Washer 5;NULL;NULL;NULL;NULL;0;NULL;NULL;NULL;Current
96;Internal Lock Washer 6;NULL;NULL;NULL;NULL;0;NULL;NULL;NULL;Current
95;Internal Lock Washer 7;NULL;NULL;NULL;NULL;0;NULL;NULL;NULL;Current
99;Internal Lock Washer 8;NULL;NULL;NULL;NULL;0;NULL;NULL;NULL;Current
93;Internal Lock Washer 9;NULL;NULL;NULL;NULL;0;NULL;NULL;NULL;Current
81;Keyed Washer;NULL;NULL;NULL;NULL;0;NULL;NULL;NULL;Current
6;LL Crankarm;NULL;NULL;NULL;NULL;0;NULL;NULL;NULL;Current
35;LL Grip Tape;NULL;NULL;NULL;NULL;0;NULL;NULL;NULL;Current
79;LL Hub;NULL;NULL;NULL;NULL;1;NULL;NULL;NULL;Current
180;LL Mountain Rim;NULL;NULL;NULL;435;0;NULL;NULL;NULL;Current
187;LL Mountain Seat Assembly;NULL;NULL;NULL;NULL;1;NULL;NULL;NULL;Current
169;LL Nipple;NULL;NULL;NULL;NULL;0;NULL;NULL;NULL;Current
183;LL Road Rim;NULL;NULL;NULL;445;0;NULL;NULL;NULL;Current
190;LL Road Seat Assembly;NULL;NULL;NULL;NULL;1;NULL;NULL;NULL;Current
198;LL Shell;NULL;NULL;NULL;NULL;0;NULL;NULL;NULL;Current
196;LL Spindle/Axle;NULL;NULL;NULL;NULL;0;NULL;NULL;NULL;Current
193;LL Touring Seat Assembly;NULL;NULL;NULL;NULL;1;NULL;NULL;NULL;Current
128;Lock Nut 1;NULL;NULL;NULL;NULL;0;NULL;NULL;NULL;Current
129;Lock Nut 10;NULL;NULL;NULL;NULL;0;NULL;NULL;NULL;Current
130;Lock Nut 11;NULL;NULL;NULL;NULL;0;NULL;NULL;NULL;Current
126;Lock Nut 12;NULL;NULL;NULL;NULL;0;NULL;NULL;NULL;Current
127;Lock Nut 13;NULL;NULL;NULL;NULL;0;NULL;NULL;NULL;Current
135;Lock Nut 14;NULL;NULL;NULL;NULL;0;NULL;NULL;NULL;Current
136;Lock Nut 15;NULL;NULL;NULL;NULL;0;NULL;NULL;NULL;Current
119;Lock Nut 16;NULL;NULL;NULL;NULL;0;NULL;NULL;NULL;Current
120;Lock Nut 17;NULL;NULL;NULL;NULL;0;NULL;NULL;NULL;Current
139;Lock Nut 18;NULL;NULL;NULL;NULL;0;NULL;NULL;NULL;Current
138;Lock Nut 19;NULL;NULL;NULL;NULL;0;NULL;NULL;NULL;Current
131;Lock Nut 2;NULL;NULL;NULL;NULL;0;NULL;NULL;NULL;Current
132;Lock Nut 20;NULL;NULL;NULL;NULL;0;NULL;NULL;NULL;Current
133;Lock Nut 21;NULL;NULL;NULL;NULL;0;NULL;NULL;NULL;Current
124;Lock Nut 22;NULL;NULL;NULL;NULL;0;NULL;NULL;NULL;Current
125;Lock Nut 23;NULL;NULL;NULL;NULL;0;NULL;NULL;NULL;Current
134;Lock Nut 3;NULL;NULL;NULL;NULL;0;NULL;NULL;NULL;Current
137;Lock Nut 4;NULL;NULL;NULL;NULL;0;NULL;NULL;NULL;Current
117;Lock Nut 5;NULL;NULL;NULL;NULL;0;NULL;NULL;NULL;Current
118;Lock Nut 6;NULL;NULL;NULL;NULL;0;NULL;NULL;NULL;Current
121;Lock Nut 7;NULL;NULL;NULL;NULL;0;NULL;NULL;NULL;Current
122;Lock Nut 8;NULL;NULL;NULL;NULL;0;NULL;NULL;NULL;Current
123;Lock Nut 9;NULL;NULL;NULL;NULL;0;NULL;NULL;NULL;Current
140;Lock Ring;NULL;NULL;NULL;NULL;0;NULL;NULL;NULL;Current
148;Lock Washer 1;NULL;NULL;NULL;NULL;0;NULL;NULL;NULL;Current
144;Lock Washer 10;NULL;NULL;NULL;NULL;0;NULL;NULL;NULL;Current
154;Lock Washer 11;NULL;NULL;NULL;NULL;0;NULL;NULL;NULL;Current
150;Lock Washer 12;NULL;NULL;NULL;NULL;0;NULL;NULL;NULL;Current
146;Lock Washer 13;NULL;NULL;NULL;NULL;0;NULL;NULL;NULL;Current
151;Lock Washer 2;NULL;NULL;NULL;NULL;0;NULL;NULL;NULL;Current
153;Lock Washer 3;NULL;NULL;NULL;NULL;0;NULL;NULL;NULL;Current
142;Lock Washer 4;NULL;NULL;NULL;NULL;0;NULL;NULL;NULL;Current
143;Lock Washer 5;NULL;NULL;NULL;NULL;0;NULL;NULL;NULL;Current
145;Lock Washer 6;NULL;NULL;NULL;NULL;0;NULL;NULL;NULL;Current
149;Lock Washer 7;NULL;NULL;NULL;NULL;0;NULL;NULL;NULL;Current
147;Lock Washer 8;NULL;NULL;NULL;NULL;0;NULL;NULL;NULL;Current
152;Lock Washer 9;NULL;NULL;NULL;NULL;0;NULL;NULL;NULL;Current
141;Lower Head Race;NULL;NULL;NULL;NULL;0;NULL;NULL;NULL;Current
155;Metal Angle;NULL;NULL;NULL;NULL;0;NULL;NULL;NULL;Current
156;Metal Bar 1;NULL;NULL;NULL;NULL;0;NULL;NULL;NULL;Current
157;Metal Bar 2;NULL;NULL;NULL;NULL;0;NULL;NULL;NULL;Current
159;Metal Plate 1;NULL;NULL;NULL;NULL;0;NULL;NULL;NULL;Current
158;Metal Plate 2;NULL;NULL;NULL;NULL;0;NULL;NULL;NULL;Current
160;Metal Plate 3;NULL;NULL;NULL;NULL;0;NULL;NULL;NULL;Current
167;Metal Sheet 1;NULL;NULL;NULL;NULL;0;NULL;NULL;NULL;Current
161;Metal Sheet 2;NULL;NULL;NULL;NULL;0;NULL;NULL;NULL;Current
162;Metal Sheet 3;NULL;NULL;NULL;NULL;0;NULL;NULL;NULL;Current
164;Metal Sheet 4;NULL;NULL;NULL;NULL;0;NULL;NULL;NULL;Current
165;Metal Sheet 5;NULL;NULL;NULL;NULL;0;NULL;NULL;NULL;Current
166;Metal Sheet 6;NULL;NULL;NULL;NULL;0;NULL;NULL;NULL;Current
163;Metal Sheet 7;NULL;NULL;NULL;NULL;0;NULL;NULL;NULL;Current
168;Metal Tread Plate;NULL;NULL;NULL;NULL;0;NULL;NULL;NULL;Current
7;ML Crankarm;NULL;NULL;NULL;NULL;0;NULL;NULL;NULL;Current
36;ML Grip Tape;NULL;NULL;NULL;NULL;0;NULL;NULL;NULL;Current
181;ML Mountain Rim;NULL;NULL;NULL;450;0;NULL;NULL;NULL;Current
188;ML Mountain Seat Assembly;NULL;NULL;NULL;NULL;1;NULL;NULL;NULL;Current
184;ML Road Rim;NULL;NULL;NULL;450;0;NULL;NULL;NULL;Current
191;ML Road Seat Assembly;NULL;NULL;NULL;NULL;1;NULL;NULL;NULL;Current
194;ML Touring Seat Assembly;NULL;NULL;NULL;NULL;1;NULL;NULL;NULL;Current
17;Mountain End Caps;NULL;NULL;NULL;NULL;1;NULL;NULL;NULL;Current
171;Paint - Black;NULL;NULL;NULL;NULL;0;NULL;NULL;NULL;Current
174;Paint - Blue;NULL;NULL;NULL;NULL;0;NULL;NULL;NULL;Current
172;Paint - Red;NULL;NULL;NULL;NULL;0;NULL;NULL;NULL;Current
173;Paint - Silver;NULL;NULL;NULL;NULL;0;NULL;NULL;NULL;Current
175;Paint - Yellow;NULL;NULL;NULL;NULL;0;NULL;NULL;NULL;Current
176;Pinch Bolt;NULL;NULL;NULL;NULL;0;NULL;NULL;NULL;Current
209;Rear Derailleur Cage;NULL;NULL;NULL;NULL;0;NULL;NULL;NULL;Current
179;Reflector;NULL;NULL;NULL;NULL;0;NULL;NULL;NULL;Current
18;Road End Caps;NULL;NULL;NULL;NULL;1;NULL;NULL;NULL;Current
201;Seat Lug;NULL;NULL;NULL;NULL;0;NULL;NULL;NULL;Current
203;Seat Post;NULL;NULL;NULL;NULL;0;NULL;NULL;NULL;Current
205;Seat Stays;NULL;NULL;NULL;NULL;1;NULL;NULL;NULL;Current
206;Seat Tube;NULL;NULL;NULL;NULL;1;NULL;NULL;NULL;Current
200;Spokes;NULL;NULL;NULL;NULL;0;NULL;NULL;NULL;Current
204;Steerer;NULL;NULL;NULL;NULL;1;NULL;NULL;NULL;Current
202;Stem;NULL;NULL;NULL;NULL;1;NULL;NULL;NULL;Current
208;Tension Pulley;NULL;NULL;NULL;NULL;0;NULL;NULL;NULL;Current
40;Thin-Jam Hex Nut 1;NULL;NULL;NULL;NULL;0;NULL;NULL;NULL;Current
39;Thin-Jam Hex Nut 10;NULL;NULL;NULL;NULL;0;NULL;NULL;NULL;Current
53;Thin-Jam Hex Nut 11;NULL;NULL;NULL;NULL;0;NULL;NULL;NULL;Current
52;Thin-Jam Hex Nut 12;NULL;NULL;NULL;NULL;0;NULL;NULL;NULL;Current
48;Thin-Jam Hex Nut 13;NULL;NULL;NULL;NULL;0;NULL;NULL;NULL;Current
49;Thin-Jam Hex Nut 14;NULL;NULL;NULL;NULL;0;NULL;NULL;NULL;Current
42;Thin-Jam Hex Nut 15;NULL;NULL;NULL;NULL;0;NULL;NULL;NULL;Current
43;Thin-Jam Hex Nut 16;NULL;NULL;NULL;NULL;0;NULL;NULL;NULL;Current
41;Thin-Jam Hex Nut 2;NULL;NULL;NULL;NULL;0;NULL;NULL;NULL;Current
46;Thin-Jam Hex Nut 3;NULL;NULL;NULL;NULL;0;NULL;NULL;NULL;Current
47;Thin-Jam Hex Nut 4;NULL;NULL;NULL;NULL;0;NULL;NULL;NULL;Current
44;Thin-Jam Hex Nut 5;NULL;NULL;NULL;NULL;0;NULL;NULL;NULL;Current
45;Thin-Jam Hex Nut 6;NULL;NULL;NULL;NULL;0;NULL;NULL;NULL;Current
50;Thin-Jam Hex Nut 7;NULL;NULL;NULL;NULL;0;NULL;NULL;NULL;Current
51;Thin-Jam Hex Nut 8;NULL;NULL;NULL;NULL;0;NULL;NULL;NULL;Current
38;Thin-Jam Hex Nut 9;NULL;NULL;NULL;NULL;0;NULL;NULL;NULL;Current
103;Thin-Jam Lock Nut 1;NULL;NULL;NULL;NULL;0;NULL;NULL;NULL;Current
102;Thin-Jam Lock Nut 10;NULL;NULL;NULL;NULL;0;NULL;NULL;NULL;Current
116;Thin-Jam Lock Nut 11;NULL;NULL;NULL;NULL;0;NULL;NULL;NULL;Current
115;Thin-Jam Lock Nut 12;NULL;NULL;NULL;NULL;0;NULL;NULL;NULL;Current
111;Thin-Jam Lock Nut 13;NULL;NULL;NULL;NULL;0;NULL;NULL;NULL;Current
112;Thin-Jam Lock Nut 14;NULL;NULL;NULL;NULL;0;NULL;NULL;NULL;Current
105;Thin-Jam Lock Nut 15;NULL;NULL;NULL;NULL;0;NULL;NULL;NULL;Current
106;Thin-Jam Lock Nut 16;NULL;NULL;NULL;NULL;0;NULL;NULL;NULL;Current
104;Thin-Jam Lock Nut 2;NULL;NULL;NULL;NULL;0;NULL;NULL;NULL;Current
109;Thin-Jam Lock Nut 3;NULL;NULL;NULL;NULL;0;NULL;NULL;NULL;Current
110;Thin-Jam Lock Nut 4;NULL;NULL;NULL;NULL;0;NULL;NULL;NULL;Current
107;Thin-Jam Lock Nut 5;NULL;NULL;NULL;NULL;0;NULL;NULL;NULL;Current
108;Thin-Jam Lock Nut 6;NULL;NULL;NULL;NULL;0;NULL;NULL;NULL;Current
113;Thin-Jam Lock Nut 7;NULL;NULL;NULL;NULL;0;NULL;NULL;NULL;Current
114;Thin-Jam Lock Nut 8;NULL;NULL;NULL;NULL;0;NULL;NULL;NULL;Current
101;Thin-Jam Lock Nut 9;NULL;NULL;NULL;NULL;0;NULL;NULL;NULL;Current
207;Top Tube;NULL;NULL;NULL;NULL;1;NULL;NULL;NULL;Current
19;Touring End Caps;NULL;NULL;NULL;NULL;1;NULL;NULL;NULL;Current
186;Touring Rim;NULL;NULL;NULL;460;0;NULL;NULL;NULL;Current
486;All-Purpose Bike Stand;Bike Stands;Accessories;NULL;NULL;0;"M ";All-Purpose Bike Stand;Perfect all-purpose bike stand for working on your bike at home. Quick-adjusting clamps and steel construction.;Current
484;Bike Wash - Dissolver;Cleaners;Accessories;NULL;NULL;0;"S ";Bike Wash;"Washes off the toughest road grime; dissolves grease, environmentally safe. 1-liter bottle.";Current
447;Cable Lock;Locks;Accessories;NULL;NULL;0;"S ";Cable Lock;Wraps to fit front and rear tires, carrier and 2 keys included.;Outdate
485;Fender Set - Mountain;Fenders;Accessories;NULL;NULL;0;"M ";Fender Set - Mountain;Clip-on fenders fit most mountain bikes.;Current
451;Headlights - Dual-Beam;Lights;Accessories;NULL;NULL;0;"R ";Headlights - Dual-Beam;Rechargeable dual-beam headlight.;Outdate
452;Headlights - Weatherproof;Lights;Accessories;NULL;NULL;0;"R ";Headlights - Weatherproof;Rugged weatherproof headlight.;Outdate
483;Hitch Rack - 4-Bike;Bike Racks;Accessories;NULL;NULL;0;"S ";Hitch Rack - 4-Bike;"Carries 4 bikes securely; steel construction, fits 2"" receiver hitch.";Current
537;HL Mountain Tire;Tires and Tubes;Accessories;NULL;NULL;0;"M ";HL Mountain Tire;Incredible traction, lightweight carbon reinforced.;Current
540;HL Road Tire;Tires and Tubes;Accessories;NULL;NULL;0;"R ";HL Road Tire;Lightweight carbon reinforced  for an unrivaled ride at an un-compromised weight.;Current
487;Hydration Pack - 70 oz.;Hydration Packs;Accessories;70;NULL;0;"S ";Hydration Pack;Versatile 70 oz hydration pack offers extra storage, easy-fill access, and a waist belt.;Current
535;LL Mountain Tire;Tires and Tubes;Accessories;NULL;NULL;0;"M ";LL Mountain Tire;Comparible traction, less expensive wire bead casing.;Current
538;LL Road Tire;Tires and Tubes;Accessories;NULL;NULL;0;"R ";LL Road Tire;Same great treads as more expensive tire with a less expensive wire bead casing.;Current
448;Minipump;Pumps;Accessories;NULL;NULL;0;"S ";Minipump;Designed for convenience. Fits in your pocket. Aluminum barrel. 160psi rated.;Outdate
536;ML Mountain Tire;Tires and Tubes;Accessories;NULL;NULL;0;"M ";ML Mountain Tire;Great traction, high-density rubber.;Current
539;ML Road Tire;Tires and Tubes;Accessories;NULL;NULL;0;"R ";ML Road Tire;Higher density rubber.;Current
478;Mountain Bottle Cage;Bottles and Cages;Accessories;NULL;NULL;0;"M ";Mountain Bottle Cage;Tough aluminum cage holds bottle securly on tough terrain.;Current
449;Mountain Pump;Pumps;Accessories;NULL;NULL;0;"M ";Mountain Pump;Simple and light-weight. Emergency patches stored in handle.;Outdate
528;Mountain Tire Tube;Tires and Tubes;Accessories;NULL;NULL;0;"M ";Mountain Tire Tube;Self-sealing tube.;Current
480;Patch Kit/8 Patches;Tires and Tubes;Accessories;NULL;NULL;0;"S ";Patch kit;Includes 8 different size patches, glue and sandpaper.;Current
479;Road Bottle Cage;Bottles and Cages;Accessories;NULL;NULL;0;"R ";Road Bottle Cage;"Aluminum cage is lighter than our mountain version; perfect for long distance trips.";Current
529;Road Tire Tube;Tires and Tubes;Accessories;NULL;NULL;0;"R ";Road Tire Tube;Conventional all-purpose tube.;Current
215;Sport-100 Helmet, Black;Helmets;Accessories;NULL;NULL;0;"S ";Sport-100;Universal fit, well-vented, lightweight , snap-on visor.;Outdate
216;Sport-100 Helmet, Black;Helmets;Accessories;NULL;NULL;0;"S ";Sport-100;Universal fit, well-vented, lightweight , snap-on visor.;Outdate
217;Sport-100 Helmet, Black;Helmets;Accessories;NULL;NULL;0;"S ";Sport-100;Universal fit, well-vented, lightweight , snap-on visor.;Current
220;Sport-100 Helmet, Blue;Helmets;Accessories;NULL;NULL;0;"S ";Sport-100;Universal fit, well-vented, lightweight , snap-on visor.;Outdate
221;Sport-100 Helmet, Blue;Helmets;Accessories;NULL;NULL;0;"S ";Sport-100;Universal fit, well-vented, lightweight , snap-on visor.;Outdate
222;Sport-100 Helmet, Blue;Helmets;Accessories;NULL;NULL;0;"S ";Sport-100;Universal fit, well-vented, lightweight , snap-on visor.;Current
212;Sport-100 Helmet, Red;Helmets;Accessories;NULL;NULL;0;"S ";Sport-100;Universal fit, well-vented, lightweight , snap-on visor.;Outdate
213;Sport-100 Helmet, Red;Helmets;Accessories;NULL;NULL;0;"S ";Sport-100;Universal fit, well-vented, lightweight , snap-on visor.;Outdate
214;Sport-100 Helmet, Red;Helmets;Accessories;NULL;NULL;0;"S ";Sport-100;Universal fit, well-vented, lightweight , snap-on visor.;Current
450;Taillights - Battery-Powered;Lights;Accessories;NULL;NULL;0;"R ";Taillight;Affordable light for safe night riding - uses 3 AAA batteries;Outdate
541;Touring Tire;Tires and Tubes;Accessories;NULL;NULL;0;"T ";Touring Tire;High-density rubber.;Current
530;Touring Tire Tube;Tires and Tubes;Accessories;NULL;NULL;0;"T ";Touring Tire Tube;General purpose tube.;Current
446;Touring-Panniers, Large;Panniers;Accessories;NULL;NULL;0;"T ";Touring-Panniers;Durable, water-proof nylon construction with easy access. Large enough for weekend trips.;Outdate
477;Water Bottle - 30 oz.;Bottles and Cages;Accessories;NULL;NULL;0;"S ";Water Bottle;"AWC logo water bottle - holds 30 oz; leak-proof.";Current
348;Mountain-100 Black, 38;Mountain Bikes;Bikes;38;20,35;4;"M ";Mountain-100;Top-of-the-line competition mountain bike. Performance-enhancing options include the innovative HL Frame, super-smooth front suspension, and traction for all terrain.;Outdate
349;Mountain-100 Black, 42;Mountain Bikes;Bikes;42;20,77;4;"M ";Mountain-100;Top-of-the-line competition mountain bike. Performance-enhancing options include the innovative HL Frame, super-smooth front suspension, and traction for all terrain.;Outdate
350;Mountain-100 Black, 44;Mountain Bikes;Bikes;44;21,13;4;"M ";Mountain-100;Top-of-the-line competition mountain bike. Performance-enhancing options include the innovative HL Frame, super-smooth front suspension, and traction for all terrain.;Outdate
351;Mountain-100 Black, 48;Mountain Bikes;Bikes;48;21,42;4;"M ";Mountain-100;Top-of-the-line competition mountain bike. Performance-enhancing options include the innovative HL Frame, super-smooth front suspension, and traction for all terrain.;Outdate
344;Mountain-100 Silver, 38;Mountain Bikes;Bikes;38;20,35;4;"M ";Mountain-100;Top-of-the-line competition mountain bike. Performance-enhancing options include the innovative HL Frame, super-smooth front suspension, and traction for all terrain.;Outdate
345;Mountain-100 Silver, 42;Mountain Bikes;Bikes;42;20,77;4;"M ";Mountain-100;Top-of-the-line competition mountain bike. Performance-enhancing options include the innovative HL Frame, super-smooth front suspension, and traction for all terrain.;Outdate
346;Mountain-100 Silver, 44;Mountain Bikes;Bikes;44;21,13;4;"M ";Mountain-100;Top-of-the-line competition mountain bike. Performance-enhancing options include the innovative HL Frame, super-smooth front suspension, and traction for all terrain.;Outdate
347;Mountain-100 Silver, 48;Mountain Bikes;Bikes;48;21,42;4;"M ";Mountain-100;Top-of-the-line competition mountain bike. Performance-enhancing options include the innovative HL Frame, super-smooth front suspension, and traction for all terrain.;Outdate
358;Mountain-200 Black, 38;Mountain Bikes;Bikes;38;23,35;4;"M ";Mountain-200;Serious back-country riding. Perfect for all levels of competition. Uses the same HL Frame as the Mountain-100.;Outdate
359;Mountain-200 Black, 38;Mountain Bikes;Bikes;38;23,35;4;"M ";Mountain-200;Serious back-country riding. Perfect for all levels of competition. Uses the same HL Frame as the Mountain-100.;Current
360;Mountain-200 Black, 42;Mountain Bikes;Bikes;42;23,77;4;"M ";Mountain-200;Serious back-country riding. Perfect for all levels of competition. Uses the same HL Frame as the Mountain-100.;Outdate
361;Mountain-200 Black, 42;Mountain Bikes;Bikes;42;23,77;4;"M ";Mountain-200;Serious back-country riding. Perfect for all levels of competition. Uses the same HL Frame as the Mountain-100.;Current
362;Mountain-200 Black, 46;Mountain Bikes;Bikes;46;24,13;4;"M ";Mountain-200;Serious back-country riding. Perfect for all levels of competition. Uses the same HL Frame as the Mountain-100.;Outdate
363;Mountain-200 Black, 46;Mountain Bikes;Bikes;46;24,13;4;"M ";Mountain-200;Serious back-country riding. Perfect for all levels of competition. Uses the same HL Frame as the Mountain-100.;Current
352;Mountain-200 Silver, 38;Mountain Bikes;Bikes;38;23,35;4;"M ";Mountain-200;Serious back-country riding. Perfect for all levels of competition. Uses the same HL Frame as the Mountain-100.;Outdate
353;Mountain-200 Silver, 38;Mountain Bikes;Bikes;38;23,35;4;"M ";Mountain-200;Serious back-country riding. Perfect for all levels of competition. Uses the same HL Frame as the Mountain-100.;Current
354;Mountain-200 Silver, 42;Mountain Bikes;Bikes;42;23,77;4;"M ";Mountain-200;Serious back-country riding. Perfect for all levels of competition. Uses the same HL Frame as the Mountain-100.;Outdate
355;Mountain-200 Silver, 42;Mountain Bikes;Bikes;42;23,77;4;"M ";Mountain-200;Serious back-country riding. Perfect for all levels of competition. Uses the same HL Frame as the Mountain-100.;Current
356;Mountain-200 Silver, 46;Mountain Bikes;Bikes;46;24,13;4;"M ";Mountain-200;Serious back-country riding. Perfect for all levels of competition. Uses the same HL Frame as the Mountain-100.;Outdate
357;Mountain-200 Silver, 46;Mountain Bikes;Bikes;46;24,13;4;"M ";Mountain-200;Serious back-country riding. Perfect for all levels of competition. Uses the same HL Frame as the Mountain-100.;Current
364;Mountain-300 Black, 38;Mountain Bikes;Bikes;38;25,35;4;"M ";Mountain-300;For true trail addicts.  An extremely durable bike that will go anywhere and keep you in control on challenging terrain - without breaking your budget.;Outdate
365;Mountain-300 Black, 40;Mountain Bikes;Bikes;40;25,77;4;"M ";Mountain-300;For true trail addicts.  An extremely durable bike that will go anywhere and keep you in control on challenging terrain - without breaking your budget.;Outdate
366;Mountain-300 Black, 44;Mountain Bikes;Bikes;44;26,13;4;"M ";Mountain-300;For true trail addicts.  An extremely durable bike that will go anywhere and keep you in control on challenging terrain - without breaking your budget.;Outdate
367;Mountain-300 Black, 48;Mountain Bikes;Bikes;48;26,42;4;"M ";Mountain-300;For true trail addicts.  An extremely durable bike that will go anywhere and keep you in control on challenging terrain - without breaking your budget.;Outdate
587;Mountain-400-W Silver, 38;Mountain Bikes;Bikes;38;26,35;4;"M ";Mountain-400-W;This bike delivers a high-level of performance on a budget. It is responsive and maneuverable, and offers peace-of-mind when you decide to go off-road.;Current
588;Mountain-400-W Silver, 40;Mountain Bikes;Bikes;40;26,77;4;"M ";Mountain-400-W;This bike delivers a high-level of performance on a budget. It is responsive and maneuverable, and offers peace-of-mind when you decide to go off-road.;Current
589;Mountain-400-W Silver, 42;Mountain Bikes;Bikes;42;27,13;4;"M ";Mountain-400-W;This bike delivers a high-level of performance on a budget. It is responsive and maneuverable, and offers peace-of-mind when you decide to go off-road.;Current
590;Mountain-400-W Silver, 46;Mountain Bikes;Bikes;46;27,42;4;"M ";Mountain-400-W;This bike delivers a high-level of performance on a budget. It is responsive and maneuverable, and offers peace-of-mind when you decide to go off-road.;Current
596;Mountain-500 Black, 40;Mountain Bikes;Bikes;40;27,35;4;"M ";Mountain-500;Suitable for any type of riding, on or off-road. Fits any budget. Smooth-shifting with a comfortable ride.;Current
597;Mountain-500 Black, 42;Mountain Bikes;Bikes;42;27,77;4;"M ";Mountain-500;Suitable for any type of riding, on or off-road. Fits any budget. Smooth-shifting with a comfortable ride.;Current
598;Mountain-500 Black, 44;Mountain Bikes;Bikes;44;28,13;4;"M ";Mountain-500;Suitable for any type of riding, on or off-road. Fits any budget. Smooth-shifting with a comfortable ride.;Current
599;Mountain-500 Black, 48;Mountain Bikes;Bikes;48;28,42;4;"M ";Mountain-500;Suitable for any type of riding, on or off-road. Fits any budget. Smooth-shifting with a comfortable ride.;Current
600;Mountain-500 Black, 52;Mountain Bikes;Bikes;52;28,68;4;"M ";Mountain-500;Suitable for any type of riding, on or off-road. Fits any budget. Smooth-shifting with a comfortable ride.;Current
591;Mountain-500 Silver, 40;Mountain Bikes;Bikes;40;27,35;4;"M ";Mountain-500;Suitable for any type of riding, on or off-road. Fits any budget. Smooth-shifting with a comfortable ride.;Current
592;Mountain-500 Silver, 42;Mountain Bikes;Bikes;42;27,77;4;"M ";Mountain-500;Suitable for any type of riding, on or off-road. Fits any budget. Smooth-shifting with a comfortable ride.;Current
593;Mountain-500 Silver, 44;Mountain Bikes;Bikes;44;28,13;4;"M ";Mountain-500;Suitable for any type of riding, on or off-road. Fits any budget. Smooth-shifting with a comfortable ride.;Current
594;Mountain-500 Silver, 48;Mountain Bikes;Bikes;48;28,42;4;"M ";Mountain-500;Suitable for any type of riding, on or off-road. Fits any budget. Smooth-shifting with a comfortable ride.;Current
595;Mountain-500 Silver, 52;Mountain Bikes;Bikes;52;28,68;4;"M ";Mountain-500;Suitable for any type of riding, on or off-road. Fits any budget. Smooth-shifting with a comfortable ride.;Current
311;Road-150 Red, 44;Road Bikes;Bikes;44;13,77;4;"R ";Road-150;This bike is ridden by race winners. Developed with the Adventure Works Cycles professional race team, it has a extremely light heat-treated aluminum frame, and steering that allows precision control.;Outdate
312;Road-150 Red, 48;Road Bikes;Bikes;48;14,13;4;"R ";Road-150;This bike is ridden by race winners. Developed with the Adventure Works Cycles professional race team, it has a extremely light heat-treated aluminum frame, and steering that allows precision control.;Outdate
313;Road-150 Red, 52;Road Bikes;Bikes;52;14,42;4;"R ";Road-150;This bike is ridden by race winners. Developed with the Adventure Works Cycles professional race team, it has a extremely light heat-treated aluminum frame, and steering that allows precision control.;Outdate
314;Road-150 Red, 56;Road Bikes;Bikes;56;14,68;4;"R ";Road-150;This bike is ridden by race winners. Developed with the Adventure Works Cycles professional race team, it has a extremely light heat-treated aluminum frame, and steering that allows precision control.;Outdate
310;Road-150 Red, 62;Road Bikes;Bikes;62;15;4;"R ";Road-150;This bike is ridden by race winners. Developed with the Adventure Works Cycles professional race team, it has a extremely light heat-treated aluminum frame, and steering that allows precision control.;Outdate
373;Road-250 Black, 44;Road Bikes;Bikes;44;14,77;4;"R ";Road-250;Alluminum-alloy frame provides a light, stiff ride, whether you are racing in the velodrome or on a demanding club ride on country roads.;Outdate
374;Road-250 Black, 44;Road Bikes;Bikes;44;14,77;4;"R ";Road-250;Alluminum-alloy frame provides a light, stiff ride, whether you are racing in the velodrome or on a demanding club ride on country roads.;Current
375;Road-250 Black, 48;Road Bikes;Bikes;48;15,13;4;"R ";Road-250;Alluminum-alloy frame provides a light, stiff ride, whether you are racing in the velodrome or on a demanding club ride on country roads.;Outdate
376;Road-250 Black, 48;Road Bikes;Bikes;48;15,13;4;"R ";Road-250;Alluminum-alloy frame provides a light, stiff ride, whether you are racing in the velodrome or on a demanding club ride on country roads.;Current
377;Road-250 Black, 52;Road Bikes;Bikes;52;15,42;4;"R ";Road-250;Alluminum-alloy frame provides a light, stiff ride, whether you are racing in the velodrome or on a demanding club ride on country roads.;Outdate
378;Road-250 Black, 52;Road Bikes;Bikes;52;15,42;4;"R ";Road-250;Alluminum-alloy frame provides a light, stiff ride, whether you are racing in the velodrome or on a demanding club ride on country roads.;Current
379;Road-250 Black, 58;Road Bikes;Bikes;58;15,68;4;"R ";Road-250;Alluminum-alloy frame provides a light, stiff ride, whether you are racing in the velodrome or on a demanding club ride on country roads.;Outdate
380;Road-250 Black, 58;Road Bikes;Bikes;58;15,68;4;"R ";Road-250;Alluminum-alloy frame provides a light, stiff ride, whether you are racing in the velodrome or on a demanding club ride on country roads.;Current
368;Road-250 Red, 44;Road Bikes;Bikes;44;14,77;4;"R ";Road-250;Alluminum-alloy frame provides a light, stiff ride, whether you are racing in the velodrome or on a demanding club ride on country roads.;Outdate
369;Road-250 Red, 48;Road Bikes;Bikes;48;15,13;4;"R ";Road-250;Alluminum-alloy frame provides a light, stiff ride, whether you are racing in the velodrome or on a demanding club ride on country roads.;Outdate
370;Road-250 Red, 52;Road Bikes;Bikes;52;15,42;4;"R ";Road-250;Alluminum-alloy frame provides a light, stiff ride, whether you are racing in the velodrome or on a demanding club ride on country roads.;Outdate
371;Road-250 Red, 58;Road Bikes;Bikes;58;15,79;4;"R ";Road-250;Alluminum-alloy frame provides a light, stiff ride, whether you are racing in the velodrome or on a demanding club ride on country roads.;Outdate
372;Road-250 Red, 58;Road Bikes;Bikes;58;15,79;4;"R ";Road-250;Alluminum-alloy frame provides a light, stiff ride, whether you are racing in the velodrome or on a demanding club ride on country roads.;Current
580;Road-350-W Yellow, 40;Road Bikes;Bikes;40;15,35;4;"R ";Road-350-W;Cross-train, race, or just socialize on a sleek, aerodynamic bike designed for a woman.  Advanced seat technology provides comfort all day.;Current
581;Road-350-W Yellow, 42;Road Bikes;Bikes;42;15,77;4;"R ";Road-350-W;Cross-train, race, or just socialize on a sleek, aerodynamic bike designed for a woman.  Advanced seat technology provides comfort all day.;Current
582;Road-350-W Yellow, 44;Road Bikes;Bikes;44;16,13;4;"R ";Road-350-W;Cross-train, race, or just socialize on a sleek, aerodynamic bike designed for a woman.  Advanced seat technology provides comfort all day.;Current
583;Road-350-W Yellow, 48;Road Bikes;Bikes;48;16,42;4;"R ";Road-350-W;Cross-train, race, or just socialize on a sleek, aerodynamic bike designed for a woman.  Advanced seat technology provides comfort all day.;Current
317;Road-450 Red, 44;Road Bikes;Bikes;44;16,77;4;"R ";Road-450;A true multi-sport bike that offers streamlined riding and a revolutionary design. Aerodynamic design lets you ride with the pros, and the gearing will conquer hilly roads.;Outdate
318;Road-450 Red, 48;Road Bikes;Bikes;48;17,13;4;"R ";Road-450;A true multi-sport bike that offers streamlined riding and a revolutionary design. Aerodynamic design lets you ride with the pros, and the gearing will conquer hilly roads.;Outdate
319;Road-450 Red, 52;Road Bikes;Bikes;52;17,42;4;"R ";Road-450;A true multi-sport bike that offers streamlined riding and a revolutionary design. Aerodynamic design lets you ride with the pros, and the gearing will conquer hilly roads.;Outdate
315;Road-450 Red, 58;Road Bikes;Bikes;58;17,79;4;"R ";Road-450;A true multi-sport bike that offers streamlined riding and a revolutionary design. Aerodynamic design lets you ride with the pros, and the gearing will conquer hilly roads.;Outdate
316;Road-450 Red, 60;Road Bikes;Bikes;60;17,9;4;"R ";Road-450;A true multi-sport bike that offers streamlined riding and a revolutionary design. Aerodynamic design lets you ride with the pros, and the gearing will conquer hilly roads.;Outdate
381;Road-550-W Yellow, 38;Road Bikes;Bikes;38;17,35;4;"R ";Road-550-W;Same technology as all of our Road series bikes, but the frame is sized for a woman.  Perfect all-around bike for road or racing.;Outdate
382;Road-550-W Yellow, 38;Road Bikes;Bikes;38;17,35;4;"R ";Road-550-W;Same technology as all of our Road series bikes, but the frame is sized for a woman.  Perfect all-around bike for road or racing.;Current
383;Road-550-W Yellow, 40;Road Bikes;Bikes;40;17,77;4;"R ";Road-550-W;Same technology as all of our Road series bikes, but the frame is sized for a woman.  Perfect all-around bike for road or racing.;Outdate
384;Road-550-W Yellow, 40;Road Bikes;Bikes;40;17,77;4;"R ";Road-550-W;Same technology as all of our Road series bikes, but the frame is sized for a woman.  Perfect all-around bike for road or racing.;Current
385;Road-550-W Yellow, 42;Road Bikes;Bikes;42;18,13;4;"R ";Road-550-W;Same technology as all of our Road series bikes, but the frame is sized for a woman.  Perfect all-around bike for road or racing.;Outdate
386;Road-550-W Yellow, 42;Road Bikes;Bikes;42;18,13;4;"R ";Road-550-W;Same technology as all of our Road series bikes, but the frame is sized for a woman.  Perfect all-around bike for road or racing.;Current
387;Road-550-W Yellow, 44;Road Bikes;Bikes;44;18,42;4;"R ";Road-550-W;Same technology as all of our Road series bikes, but the frame is sized for a woman.  Perfect all-around bike for road or racing.;Outdate
388;Road-550-W Yellow, 44;Road Bikes;Bikes;44;18,42;4;"R ";Road-550-W;Same technology as all of our Road series bikes, but the frame is sized for a woman.  Perfect all-around bike for road or racing.;Current
389;Road-550-W Yellow, 48;Road Bikes;Bikes;48;18,68;4;"R ";Road-550-W;Same technology as all of our Road series bikes, but the frame is sized for a woman.  Perfect all-around bike for road or racing.;Outdate
390;Road-550-W Yellow, 48;Road Bikes;Bikes;48;18,68;4;"R ";Road-550-W;Same technology as all of our Road series bikes, but the frame is sized for a woman.  Perfect all-around bike for road or racing.;Current
338;Road-650 Black, 44;Road Bikes;Bikes;44;18,77;4;"R ";Road-650;Value-priced bike with many features of our top-of-the-line models. Has the same light, stiff frame, and the quick acceleration we're famous for.;Outdate
339;Road-650 Black, 44;Road Bikes;Bikes;44;18,77;4;"R ";Road-650;Value-priced bike with many features of our top-of-the-line models. Has the same light, stiff frame, and the quick acceleration we're famous for.;Outdate
340;Road-650 Black, 48;Road Bikes;Bikes;48;19,13;4;"R ";Road-650;Value-priced bike with many features of our top-of-the-line models. Has the same light, stiff frame, and the quick acceleration we're famous for.;Outdate
341;Road-650 Black, 48;Road Bikes;Bikes;48;19,13;4;"R ";Road-650;Value-priced bike with many features of our top-of-the-line models. Has the same light, stiff frame, and the quick acceleration we're famous for.;Outdate
342;Road-650 Black, 52;Road Bikes;Bikes;52;19,42;4;"R ";Road-650;Value-priced bike with many features of our top-of-the-line models. Has the same light, stiff frame, and the quick acceleration we're famous for.;Outdate
343;Road-650 Black, 52;Road Bikes;Bikes;52;19,42;4;"R ";Road-650;Value-priced bike with many features of our top-of-the-line models. Has the same light, stiff frame, and the quick acceleration we're famous for.;Outdate
332;Road-650 Black, 58;Road Bikes;Bikes;58;19,79;4;"R ";Road-650;Value-priced bike with many features of our top-of-the-line models. Has the same light, stiff frame, and the quick acceleration we're famous for.;Outdate
333;Road-650 Black, 58;Road Bikes;Bikes;58;19,79;4;"R ";Road-650;Value-priced bike with many features of our top-of-the-line models. Has the same light, stiff frame, and the quick acceleration we're famous for.;Outdate
334;Road-650 Black, 60;Road Bikes;Bikes;60;19,9;4;"R ";Road-650;Value-priced bike with many features of our top-of-the-line models. Has the same light, stiff frame, and the quick acceleration we're famous for.;Outdate
335;Road-650 Black, 60;Road Bikes;Bikes;60;19,9;4;"R ";Road-650;Value-priced bike with many features of our top-of-the-line models. Has the same light, stiff frame, and the quick acceleration we're famous for.;Outdate
336;Road-650 Black, 62;Road Bikes;Bikes;62;20;4;"R ";Road-650;Value-priced bike with many features of our top-of-the-line models. Has the same light, stiff frame, and the quick acceleration we're famous for.;Outdate
337;Road-650 Black, 62;Road Bikes;Bikes;62;20;4;"R ";Road-650;Value-priced bike with many features of our top-of-the-line models. Has the same light, stiff frame, and the quick acceleration we're famous for.;Outdate
326;Road-650 Red, 44;Road Bikes;Bikes;44;18,77;4;"R ";Road-650;Value-priced bike with many features of our top-of-the-line models. Has the same light, stiff frame, and the quick acceleration we're famous for.;Outdate
327;Road-650 Red, 44;Road Bikes;Bikes;44;18,77;4;"R ";Road-650;Value-priced bike with many features of our top-of-the-line models. Has the same light, stiff frame, and the quick acceleration we're famous for.;Outdate
328;Road-650 Red, 48;Road Bikes;Bikes;48;19,13;4;"R ";Road-650;Value-priced bike with many features of our top-of-the-line models. Has the same light, stiff frame, and the quick acceleration we're famous for.;Outdate
329;Road-650 Red, 48;Road Bikes;Bikes;48;19,13;4;"R ";Road-650;Value-priced bike with many features of our top-of-the-line models. Has the same light, stiff frame, and the quick acceleration we're famous for.;Outdate
330;Road-650 Red, 52;Road Bikes;Bikes;52;19,42;4;"R ";Road-650;Value-priced bike with many features of our top-of-the-line models. Has the same light, stiff frame, and the quick acceleration we're famous for.;Outdate
331;Road-650 Red, 52;Road Bikes;Bikes;52;19,42;4;"R ";Road-650;Value-priced bike with many features of our top-of-the-line models. Has the same light, stiff frame, and the quick acceleration we're famous for.;Outdate
320;Road-650 Red, 58;Road Bikes;Bikes;58;19,79;4;"R ";Road-650;Value-priced bike with many features of our top-of-the-line models. Has the same light, stiff frame, and the quick acceleration we're famous for.;Outdate
321;Road-650 Red, 58;Road Bikes;Bikes;58;19,79;4;"R ";Road-650;Value-priced bike with many features of our top-of-the-line models. Has the same light, stiff frame, and the quick acceleration we're famous for.;Outdate
322;Road-650 Red, 60;Road Bikes;Bikes;60;19,9;4;"R ";Road-650;Value-priced bike with many features of our top-of-the-line models. Has the same light, stiff frame, and the quick acceleration we're famous for.;Outdate
323;Road-650 Red, 60;Road Bikes;Bikes;60;19,9;4;"R ";Road-650;Value-priced bike with many features of our top-of-the-line models. Has the same light, stiff frame, and the quick acceleration we're famous for.;Outdate
324;Road-650 Red, 62;Road Bikes;Bikes;62;20;4;"R ";Road-650;Value-priced bike with many features of our top-of-the-line models. Has the same light, stiff frame, and the quick acceleration we're famous for.;Outdate
325;Road-650 Red, 62;Road Bikes;Bikes;62;20;4;"R ";Road-650;Value-priced bike with many features of our top-of-the-line models. Has the same light, stiff frame, and the quick acceleration we're famous for.;Outdate
604;Road-750 Black, 44;Road Bikes;Bikes;44;19,77;4;"R ";Road-750;"Entry level adult bike; offers a comfortable ride cross-country or down the block. Quick-release hubs and rims.";Current
605;Road-750 Black, 48;Road Bikes;Bikes;48;20,13;4;"R ";Road-750;"Entry level adult bike; offers a comfortable ride cross-country or down the block. Quick-release hubs and rims.";Current
606;Road-750 Black, 52;Road Bikes;Bikes;52;20,42;4;"R ";Road-750;"Entry level adult bike; offers a comfortable ride cross-country or down the block. Quick-release hubs and rims.";Current
584;Road-750 Black, 58;Road Bikes;Bikes;58;20,79;4;"R ";Road-750;"Entry level adult bike; offers a comfortable ride cross-country or down the block. Quick-release hubs and rims.";Current
573;Touring-1000 Blue, 46;Touring Bikes;Bikes;46;25,13;4;"T ";Touring-1000;Travel in style and comfort. Designed for maximum comfort and safety. Wide gear range takes on all hills. High-tech aluminum alloy construction provides durability without added weight.;Current
574;Touring-1000 Blue, 50;Touring Bikes;Bikes;50;25,42;4;"T ";Touring-1000;Travel in style and comfort. Designed for maximum comfort and safety. Wide gear range takes on all hills. High-tech aluminum alloy construction provides durability without added weight.;Current
575;Touring-1000 Blue, 54;Touring Bikes;Bikes;54;25,68;4;"T ";Touring-1000;Travel in style and comfort. Designed for maximum comfort and safety. Wide gear range takes on all hills. High-tech aluminum alloy construction provides durability without added weight.;Current
576;Touring-1000 Blue, 60;Touring Bikes;Bikes;60;25,9;4;"T ";Touring-1000;Travel in style and comfort. Designed for maximum comfort and safety. Wide gear range takes on all hills. High-tech aluminum alloy construction provides durability without added weight.;Current
561;Touring-1000 Yellow, 46;Touring Bikes;Bikes;46;25,13;4;"T ";Touring-1000;Travel in style and comfort. Designed for maximum comfort and safety. Wide gear range takes on all hills. High-tech aluminum alloy construction provides durability without added weight.;Current
562;Touring-1000 Yellow, 50;Touring Bikes;Bikes;50;25,42;4;"T ";Touring-1000;Travel in style and comfort. Designed for maximum comfort and safety. Wide gear range takes on all hills. High-tech aluminum alloy construction provides durability without added weight.;Current
563;Touring-1000 Yellow, 54;Touring Bikes;Bikes;54;25,68;4;"T ";Touring-1000;Travel in style and comfort. Designed for maximum comfort and safety. Wide gear range takes on all hills. High-tech aluminum alloy construction provides durability without added weight.;Current
564;Touring-1000 Yellow, 60;Touring Bikes;Bikes;60;25,9;4;"T ";Touring-1000;Travel in style and comfort. Designed for maximum comfort and safety. Wide gear range takes on all hills. High-tech aluminum alloy construction provides durability without added weight.;Current
577;Touring-2000 Blue, 46;Touring Bikes;Bikes;46;27,13;4;"T ";Touring-2000;The plush custom saddle keeps you riding all day,  and there's plenty of space to add panniers and bike bags to the newly-redesigned carrier.  This bike has stability when fully-loaded.;Current
578;Touring-2000 Blue, 50;Touring Bikes;Bikes;50;27,42;4;"T ";Touring-2000;The plush custom saddle keeps you riding all day,  and there's plenty of space to add panniers and bike bags to the newly-redesigned carrier.  This bike has stability when fully-loaded.;Current
579;Touring-2000 Blue, 54;Touring Bikes;Bikes;54;27,68;4;"T ";Touring-2000;The plush custom saddle keeps you riding all day,  and there's plenty of space to add panniers and bike bags to the newly-redesigned carrier.  This bike has stability when fully-loaded.;Current
560;Touring-2000 Blue, 60;Touring Bikes;Bikes;60;27,9;4;"T ";Touring-2000;The plush custom saddle keeps you riding all day,  and there's plenty of space to add panniers and bike bags to the newly-redesigned carrier.  This bike has stability when fully-loaded.;Current
585;Touring-3000 Blue, 44;Touring Bikes;Bikes;44;28,77;4;"T ";Touring-3000;All-occasion value bike with our basic comfort and safety features. Offers wider, more stable tires for a ride around town or weekend trip.;Current
586;Touring-3000 Blue, 50;Touring Bikes;Bikes;50;29,13;4;"T ";Touring-3000;All-occasion value bike with our basic comfort and safety features. Offers wider, more stable tires for a ride around town or weekend trip.;Current
565;Touring-3000 Blue, 54;Touring Bikes;Bikes;54;29,68;4;"T ";Touring-3000;All-occasion value bike with our basic comfort and safety features. Offers wider, more stable tires for a ride around town or weekend trip.;Current
566;Touring-3000 Blue, 58;Touring Bikes;Bikes;58;29,9;4;"T ";Touring-3000;All-occasion value bike with our basic comfort and safety features. Offers wider, more stable tires for a ride around town or weekend trip.;Current
567;Touring-3000 Blue, 62;Touring Bikes;Bikes;62;30;4;"T ";Touring-3000;All-occasion value bike with our basic comfort and safety features. Offers wider, more stable tires for a ride around town or weekend trip.;Current
568;Touring-3000 Yellow, 44;Touring Bikes;Bikes;44;28,77;4;"T ";Touring-3000;All-occasion value bike with our basic comfort and safety features. Offers wider, more stable tires for a ride around town or weekend trip.;Current
569;Touring-3000 Yellow, 50;Touring Bikes;Bikes;50;29,13;4;"T ";Touring-3000;All-occasion value bike with our basic comfort and safety features. Offers wider, more stable tires for a ride around town or weekend trip.;Current
570;Touring-3000 Yellow, 54;Touring Bikes;Bikes;54;29,42;4;"T ";Touring-3000;All-occasion value bike with our basic comfort and safety features. Offers wider, more stable tires for a ride around town or weekend trip.;Current
571;Touring-3000 Yellow, 58;Touring Bikes;Bikes;58;29,79;4;"T ";Touring-3000;All-occasion value bike with our basic comfort and safety features. Offers wider, more stable tires for a ride around town or weekend trip.;Current
572;Touring-3000 Yellow, 62;Touring Bikes;Bikes;62;30;4;"T ";Touring-3000;All-occasion value bike with our basic comfort and safety features. Offers wider, more stable tires for a ride around town or weekend trip.;Current
223;AWC Logo Cap;Caps;Clothing;NULL;NULL;0;"S ";Cycling Cap;"Traditional style with a flip-up brim; one-size fits all.";Outdate
224;AWC Logo Cap;Caps;Clothing;NULL;NULL;0;"S ";Cycling Cap;"Traditional style with a flip-up brim; one-size fits all.";Outdate
225;AWC Logo Cap;Caps;Clothing;NULL;NULL;0;"S ";Cycling Cap;"Traditional style with a flip-up brim; one-size fits all.";Current
473;Classic Vest, L;Vests;Clothing;L;NULL;0;"S ";Classic Vest;Light-weight, wind-resistant, packs to fit into a pocket.;Current
472;Classic Vest, M;Vests;Clothing;M;NULL;0;"S ";Classic Vest;Light-weight, wind-resistant, packs to fit into a pocket.;Current
471;Classic Vest, S;Vests;Clothing;S;NULL;0;"S ";Classic Vest;Light-weight, wind-resistant, packs to fit into a pocket.;Current
470;Full-Finger Gloves, L;Gloves;Clothing;L;NULL;0;"M ";Full-Finger Gloves;Synthetic palm, flexible knuckles, breathable mesh upper. Worn by the AWC team riders.;Outdate
469;Full-Finger Gloves, M;Gloves;Clothing;M;NULL;0;"M ";Full-Finger Gloves;Synthetic palm, flexible knuckles, breathable mesh upper. Worn by the AWC team riders.;Outdate
468;Full-Finger Gloves, S;Gloves;Clothing;S;NULL;0;"M ";Full-Finger Gloves;Synthetic palm, flexible knuckles, breathable mesh upper. Worn by the AWC team riders.;Outdate
466;Half-Finger Gloves, L;Gloves;Clothing;L;NULL;0;"S ";Half-Finger Gloves;Full padding, improved finger flex, durable palm, adjustable closure.;Outdate
467;Half-Finger Gloves, L;Gloves;Clothing;L;NULL;0;"S ";Half-Finger Gloves;Full padding, improved finger flex, durable palm, adjustable closure.;Current
464;Half-Finger Gloves, M;Gloves;Clothing;M;NULL;0;"S ";Half-Finger Gloves;Full padding, improved finger flex, durable palm, adjustable closure.;Outdate
465;Half-Finger Gloves, M;Gloves;Clothing;M;NULL;0;"S ";Half-Finger Gloves;Full padding, improved finger flex, durable palm, adjustable closure.;Current
462;Half-Finger Gloves, S;Gloves;Clothing;S;NULL;0;"S ";Half-Finger Gloves;Full padding, improved finger flex, durable palm, adjustable closure.;Outdate
463;Half-Finger Gloves, S;Gloves;Clothing;S;NULL;0;"S ";Half-Finger Gloves;Full padding, improved finger flex, durable palm, adjustable closure.;Current
232;Long-Sleeve Logo Jersey, L;Jerseys;Clothing;L;NULL;0;"S ";Long-Sleeve Logo Jersey;Unisex long-sleeve AWC logo microfiber cycling jersey;Outdate
233;Long-Sleeve Logo Jersey, L;Jerseys;Clothing;L;NULL;0;"S ";Long-Sleeve Logo Jersey;Unisex long-sleeve AWC logo microfiber cycling jersey;Outdate
234;Long-Sleeve Logo Jersey, L;Jerseys;Clothing;L;NULL;0;"S ";Long-Sleeve Logo Jersey;Unisex long-sleeve AWC logo microfiber cycling jersey;Current
229;Long-Sleeve Logo Jersey, M;Jerseys;Clothing;M;NULL;0;"S ";Long-Sleeve Logo Jersey;Unisex long-sleeve AWC logo microfiber cycling jersey;Outdate
230;Long-Sleeve Logo Jersey, M;Jerseys;Clothing;M;NULL;0;"S ";Long-Sleeve Logo Jersey;Unisex long-sleeve AWC logo microfiber cycling jersey;Outdate
231;Long-Sleeve Logo Jersey, M;Jerseys;Clothing;M;NULL;0;"S ";Long-Sleeve Logo Jersey;Unisex long-sleeve AWC logo microfiber cycling jersey;Current
226;Long-Sleeve Logo Jersey, S;Jerseys;Clothing;S;NULL;0;"S ";Long-Sleeve Logo Jersey;Unisex long-sleeve AWC logo microfiber cycling jersey;Outdate
227;Long-Sleeve Logo Jersey, S;Jerseys;Clothing;S;NULL;0;"S ";Long-Sleeve Logo Jersey;Unisex long-sleeve AWC logo microfiber cycling jersey;Outdate
228;Long-Sleeve Logo Jersey, S;Jerseys;Clothing;S;NULL;0;"S ";Long-Sleeve Logo Jersey;Unisex long-sleeve AWC logo microfiber cycling jersey;Current
235;Long-Sleeve Logo Jersey, XL;Jerseys;Clothing;XL;NULL;0;"S ";Long-Sleeve Logo Jersey;Unisex long-sleeve AWC logo microfiber cycling jersey;Outdate
236;Long-Sleeve Logo Jersey, XL;Jerseys;Clothing;XL;NULL;0;"S ";Long-Sleeve Logo Jersey;Unisex long-sleeve AWC logo microfiber cycling jersey;Outdate
237;Long-Sleeve Logo Jersey, XL;Jerseys;Clothing;XL;NULL;0;"S ";Long-Sleeve Logo Jersey;Unisex long-sleeve AWC logo microfiber cycling jersey;Current
461;Men's Bib-Shorts, L;Bib-Shorts;Clothing;L;NULL;0;"S ";Men's Bib-Shorts;Designed for the AWC team with stay-put straps, moisture-control, chamois padding, and leg grippers.;Outdate
460;Men's Bib-Shorts, M;Bib-Shorts;Clothing;M;NULL;0;"S ";Men's Bib-Shorts;Designed for the AWC team with stay-put straps, moisture-control, chamois padding, and leg grippers.;Outdate
459;Men's Bib-Shorts, S;Bib-Shorts;Clothing;S;NULL;0;"S ";Men's Bib-Shorts;Designed for the AWC team with stay-put straps, moisture-control, chamois padding, and leg grippers.;Outdate
454;Men's Sports Shorts, L;Shorts;Clothing;L;NULL;0;"S ";Men's Sports Shorts;Men's 8-panel racing shorts - lycra with an elastic waistband and leg grippers.;Outdate
453;Men's Sports Shorts, M;Shorts;Clothing;M;NULL;0;"S ";Men's Sports Shorts;Men's 8-panel racing shorts - lycra with an elastic waistband and leg grippers.;Outdate
445;Men's Sports Shorts, S;Shorts;Clothing;S;NULL;0;"S ";Men's Sports Shorts;Men's 8-panel racing shorts - lycra with an elastic waistband and leg grippers.;Outdate
455;Men's Sports Shorts, XL;Shorts;Clothing;XL;NULL;0;"S ";Men's Sports Shorts;Men's 8-panel racing shorts - lycra with an elastic waistband and leg grippers.;Outdate
219;Mountain Bike Socks, L;Socks;Clothing;L;NULL;0;"M ";Mountain Bike Socks;Combination of natural and synthetic fibers stays dry and provides just the right cushioning.;Outdate
218;Mountain Bike Socks, M;Socks;Clothing;M;NULL;0;"M ";Mountain Bike Socks;Combination of natural and synthetic fibers stays dry and provides just the right cushioning.;Outdate
482;Racing Socks, L;Socks;Clothing;L;NULL;0;"R ";Racing Socks;Thin, lightweight and durable with cuffs that stay up.;Current
481;Racing Socks, M;Socks;Clothing;M;NULL;0;"R ";Racing Socks;Thin, lightweight and durable with cuffs that stay up.;Current
490;Short-Sleeve Classic Jersey, L;Jerseys;Clothing;L;NULL;0;"S ";Short-Sleeve Classic Jersey;Short sleeve classic breathable jersey with superior moisture control, front zipper, and 3 back pockets.;Current
489;Short-Sleeve Classic Jersey, M;Jerseys;Clothing;M;NULL;0;"S ";Short-Sleeve Classic Jersey;Short sleeve classic breathable jersey with superior moisture control, front zipper, and 3 back pockets.;Current
488;Short-Sleeve Classic Jersey, S;Jerseys;Clothing;S;NULL;0;"S ";Short-Sleeve Classic Jersey;Short sleeve classic breathable jersey with superior moisture control, front zipper, and 3 back pockets.;Current
491;Short-Sleeve Classic Jersey, XL;Jerseys;Clothing;XL;NULL;0;"S ";Short-Sleeve Classic Jersey;Short sleeve classic breathable jersey with superior moisture control, front zipper, and 3 back pockets.;Current
476;Women's Mountain Shorts, L;Shorts;Clothing;L;NULL;0;"M ";Women's Mountain Shorts;Heavy duty, abrasion-resistant shorts feature seamless, lycra inner shorts with anti-bacterial chamois for comfort.;Current
475;Women's Mountain Shorts, M;Shorts;Clothing;M;NULL;0;"M ";Women's Mountain Shorts;Heavy duty, abrasion-resistant shorts feature seamless, lycra inner shorts with anti-bacterial chamois for comfort.;Current
474;Women's Mountain Shorts, S;Shorts;Clothing;S;NULL;0;"M ";Women's Mountain Shorts;Heavy duty, abrasion-resistant shorts feature seamless, lycra inner shorts with anti-bacterial chamois for comfort.;Current
458;Women's Tights, L;Tights;Clothing;L;NULL;0;"S ";Women's Tights;"Warm spandex tights for winter riding; seamless chamois construction eliminates pressure points.";Outdate
457;Women's Tights, M;Tights;Clothing;M;NULL;0;"S ";Women's Tights;"Warm spandex tights for winter riding; seamless chamois construction eliminates pressure points.";Outdate
456;Women's Tights, S;Tights;Clothing;S;NULL;0;"S ";Women's Tights;"Warm spandex tights for winter riding; seamless chamois construction eliminates pressure points.";Outdate
559;Chain;Chains;Components;NULL;NULL;1;NULL;Chain;Superior shifting performance.;Current
555;Front Brakes;Brakes;Components;NULL;317;1;NULL;Front Brakes;"All-weather brake pads; provides superior stopping by applying more surface to the rim.";Current
552;Front Derailleur;Derailleurs;Components;NULL;88;1;NULL;Front Derailleur;Wide-link design.;Current
603;HL Bottom Bracket;Bottom Brackets;Components;NULL;170;1;NULL;HL Bottom Bracket;Aluminum alloy cups and a hollow axle.;Current
558;HL Crankset;Cranksets;Components;NULL;575;1;NULL;HL Crankset;"Triple crankset; alumunim crank arm; flawless shifting.";Current
393;HL Fork;Forks;Components;NULL;NULL;1;NULL;HL Fork;High-performance carbon road fork with curved legs.;Outdate
396;HL Headset;Headsets;Components;NULL;NULL;1;NULL;HL Headset;"High-quality 1"" threadless headset with a grease port for quick lubrication.";Outdate
304;HL Mountain Frame - Black, 38;Mountain Frames;Components;38;2,68;2;"M ";HL Mountain Frame;Each frame is hand-crafted in our Bothell facility to the optimum diameter and wall-thickness required of a premium mountain frame. The heat-treated welded aluminum frame has a larger diameter tube that absorbs the bumps.;Outdate
305;HL Mountain Frame - Black, 38;Mountain Frames;Components;38;2,68;2;"M ";HL Mountain Frame;Each frame is hand-crafted in our Bothell facility to the optimum diameter and wall-thickness required of a premium mountain frame. The heat-treated welded aluminum frame has a larger diameter tube that absorbs the bumps.;Outdate
306;HL Mountain Frame - Black, 38;Mountain Frames;Components;38;2,68;2;"M ";HL Mountain Frame;Each frame is hand-crafted in our Bothell facility to the optimum diameter and wall-thickness required of a premium mountain frame. The heat-treated welded aluminum frame has a larger diameter tube that absorbs the bumps.;Current
296;HL Mountain Frame - Black, 42;Mountain Frames;Components;42;2,72;1;"M ";HL Mountain Frame;Each frame is hand-crafted in our Bothell facility to the optimum diameter and wall-thickness required of a premium mountain frame. The heat-treated welded aluminum frame has a larger diameter tube that absorbs the bumps.;Outdate
297;HL Mountain Frame - Black, 42;Mountain Frames;Components;42;2,72;1;"M ";HL Mountain Frame;Each frame is hand-crafted in our Bothell facility to the optimum diameter and wall-thickness required of a premium mountain frame. The heat-treated welded aluminum frame has a larger diameter tube that absorbs the bumps.;Outdate
298;HL Mountain Frame - Black, 42;Mountain Frames;Components;42;2,72;1;"M ";HL Mountain Frame;Each frame is hand-crafted in our Bothell facility to the optimum diameter and wall-thickness required of a premium mountain frame. The heat-treated welded aluminum frame has a larger diameter tube that absorbs the bumps.;Current
299;HL Mountain Frame - Black, 44;Mountain Frames;Components;44;2,76;1;"M ";HL Mountain Frame;Each frame is hand-crafted in our Bothell facility to the optimum diameter and wall-thickness required of a premium mountain frame. The heat-treated welded aluminum frame has a larger diameter tube that absorbs the bumps.;Outdate
301;HL Mountain Frame - Black, 46;Mountain Frames;Components;46;2,84;1;"M ";HL Mountain Frame;Each frame is hand-crafted in our Bothell facility to the optimum diameter and wall-thickness required of a premium mountain frame. The heat-treated welded aluminum frame has a larger diameter tube that absorbs the bumps.;Outdate
302;HL Mountain Frame - Black, 46;Mountain Frames;Components;46;2,84;1;"M ";HL Mountain Frame;Each frame is hand-crafted in our Bothell facility to the optimum diameter and wall-thickness required of a premium mountain frame. The heat-treated welded aluminum frame has a larger diameter tube that absorbs the bumps.;Outdate
303;HL Mountain Frame - Black, 46;Mountain Frames;Components;46;2,84;1;"M ";HL Mountain Frame;Each frame is hand-crafted in our Bothell facility to the optimum diameter and wall-thickness required of a premium mountain frame. The heat-treated welded aluminum frame has a larger diameter tube that absorbs the bumps.;Current
300;HL Mountain Frame - Black, 48;Mountain Frames;Components;48;2,8;1;"M ";HL Mountain Frame;Each frame is hand-crafted in our Bothell facility to the optimum diameter and wall-thickness required of a premium mountain frame. The heat-treated welded aluminum frame has a larger diameter tube that absorbs the bumps.;Outdate
307;HL Mountain Frame - Silver, 38;Mountain Frames;Components;38;2,68;2;"M ";HL Mountain Frame;Each frame is hand-crafted in our Bothell facility to the optimum diameter and wall-thickness required of a premium mountain frame. The heat-treated welded aluminum frame has a larger diameter tube that absorbs the bumps.;Outdate
308;HL Mountain Frame - Silver, 38;Mountain Frames;Components;38;2,68;2;"M ";HL Mountain Frame;Each frame is hand-crafted in our Bothell facility to the optimum diameter and wall-thickness required of a premium mountain frame. The heat-treated welded aluminum frame has a larger diameter tube that absorbs the bumps.;Outdate
309;HL Mountain Frame - Silver, 38;Mountain Frames;Components;38;2,68;2;"M ";HL Mountain Frame;Each frame is hand-crafted in our Bothell facility to the optimum diameter and wall-thickness required of a premium mountain frame. The heat-treated welded aluminum frame has a larger diameter tube that absorbs the bumps.;Current
288;HL Mountain Frame - Silver, 42;Mountain Frames;Components;42;2,72;1;"M ";HL Mountain Frame;Each frame is hand-crafted in our Bothell facility to the optimum diameter and wall-thickness required of a premium mountain frame. The heat-treated welded aluminum frame has a larger diameter tube that absorbs the bumps.;Outdate
289;HL Mountain Frame - Silver, 42;Mountain Frames;Components;42;2,72;1;"M ";HL Mountain Frame;Each frame is hand-crafted in our Bothell facility to the optimum diameter and wall-thickness required of a premium mountain frame. The heat-treated welded aluminum frame has a larger diameter tube that absorbs the bumps.;Outdate
290;HL Mountain Frame - Silver, 42;Mountain Frames;Components;42;2,72;1;"M ";HL Mountain Frame;Each frame is hand-crafted in our Bothell facility to the optimum diameter and wall-thickness required of a premium mountain frame. The heat-treated welded aluminum frame has a larger diameter tube that absorbs the bumps.;Current
291;HL Mountain Frame - Silver, 44;Mountain Frames;Components;44;2,76;1;"M ";HL Mountain Frame;Each frame is hand-crafted in our Bothell facility to the optimum diameter and wall-thickness required of a premium mountain frame. The heat-treated welded aluminum frame has a larger diameter tube that absorbs the bumps.;Outdate
293;HL Mountain Frame - Silver, 46;Mountain Frames;Components;46;2,84;1;"M ";HL Mountain Frame;Each frame is hand-crafted in our Bothell facility to the optimum diameter and wall-thickness required of a premium mountain frame. The heat-treated welded aluminum frame has a larger diameter tube that absorbs the bumps.;Outdate
294;HL Mountain Frame - Silver, 46;Mountain Frames;Components;46;2,84;1;"M ";HL Mountain Frame;Each frame is hand-crafted in our Bothell facility to the optimum diameter and wall-thickness required of a premium mountain frame. The heat-treated welded aluminum frame has a larger diameter tube that absorbs the bumps.;Outdate
295;HL Mountain Frame - Silver, 46;Mountain Frames;Components;46;2,84;1;"M ";HL Mountain Frame;Each frame is hand-crafted in our Bothell facility to the optimum diameter and wall-thickness required of a premium mountain frame. The heat-treated welded aluminum frame has a larger diameter tube that absorbs the bumps.;Current
292;HL Mountain Frame - Silver, 48;Mountain Frames;Components;48;2,8;1;"M ";HL Mountain Frame;Each frame is hand-crafted in our Bothell facility to the optimum diameter and wall-thickness required of a premium mountain frame. The heat-treated welded aluminum frame has a larger diameter tube that absorbs the bumps.;Outdate
412;HL Mountain Front Wheel;Wheels;Components;NULL;NULL;1;"M ";HL Mountain Front Wheel;High-performance mountain replacement wheel.;Outdate
401;HL Mountain Handlebars;Handlebars;Components;NULL;NULL;1;"M ";HL Mountain Handlebars;Flat bar strong enough for the pro circuit.;Outdate
402;HL Mountain Handlebars;Handlebars;Components;NULL;NULL;1;"M ";HL Mountain Handlebars;Flat bar strong enough for the pro circuit.;Current
544;HL Mountain Pedal;Pedals;Components;NULL;185;1;"M ";HL Mountain Pedal;"Stainless steel; designed to shed mud easily.";Current
421;HL Mountain Rear Wheel;Wheels;Components;NULL;NULL;1;"M ";HL Mountain Rear Wheel;High-performance mountain replacement wheel.;Outdate
517;HL Mountain Seat/Saddle;Saddles;Components;NULL;NULL;1;"M ";HL Mountain Seat/Saddle 2;Anatomic design for a full-day of riding in comfort. Durable leather.;Current
439;HL Road Frame - Black, 44;Road Frames;Components;44;2,12;1;"R ";HL Road Frame;"Our lightest and best quality aluminum frame made from the newest alloy; it is welded and heat-treated for strength. Our innovative design results in maximum comfort and performance.";Outdate
440;HL Road Frame - Black, 44;Road Frames;Components;44;2,12;1;"R ";HL Road Frame;"Our lightest and best quality aluminum frame made from the newest alloy; it is welded and heat-treated for strength. Our innovative design results in maximum comfort and performance.";Current
441;HL Road Frame - Black, 48;Road Frames;Components;48;2,16;1;"R ";HL Road Frame;"Our lightest and best quality aluminum frame made from the newest alloy; it is welded and heat-treated for strength. Our innovative design results in maximum comfort and performance.";Outdate
442;HL Road Frame - Black, 48;Road Frames;Components;48;2,16;1;"R ";HL Road Frame;"Our lightest and best quality aluminum frame made from the newest alloy; it is welded and heat-treated for strength. Our innovative design results in maximum comfort and performance.";Current
443;HL Road Frame - Black, 52;Road Frames;Components;52;2,2;1;"R ";HL Road Frame;"Our lightest and best quality aluminum frame made from the newest alloy; it is welded and heat-treated for strength. Our innovative design results in maximum comfort and performance.";Outdate
444;HL Road Frame - Black, 52;Road Frames;Components;52;2,2;1;"R ";HL Road Frame;"Our lightest and best quality aluminum frame made from the newest alloy; it is welded and heat-treated for strength. Our innovative design results in maximum comfort and performance.";Current
210;HL Road Frame - Black, 58;Road Frames;Components;58;2,24;1;"R ";HL Road Frame;"Our lightest and best quality aluminum frame made from the newest alloy; it is welded and heat-treated for strength. Our innovative design results in maximum comfort and performance.";Current
437;HL Road Frame - Black, 62;Road Frames;Components;62;2,3;1;"R ";HL Road Frame;"Our lightest and best quality aluminum frame made from the newest alloy; it is welded and heat-treated for strength. Our innovative design results in maximum comfort and performance.";Outdate
438;HL Road Frame - Black, 62;Road Frames;Components;62;2,3;1;"R ";HL Road Frame;"Our lightest and best quality aluminum frame made from the newest alloy; it is welded and heat-treated for strength. Our innovative design results in maximum comfort and performance.";Current
241;HL Road Frame - Red, 44;Road Frames;Components;44;2,12;1;"R ";HL Road Frame;"Our lightest and best quality aluminum frame made from the newest alloy; it is welded and heat-treated for strength. Our innovative design results in maximum comfort and performance.";Outdate
242;HL Road Frame - Red, 44;Road Frames;Components;44;2,12;1;"R ";HL Road Frame;"Our lightest and best quality aluminum frame made from the newest alloy; it is welded and heat-treated for strength. Our innovative design results in maximum comfort and performance.";Outdate
243;HL Road Frame - Red, 44;Road Frames;Components;44;2,12;1;"R ";HL Road Frame;"Our lightest and best quality aluminum frame made from the newest alloy; it is welded and heat-treated for strength. Our innovative design results in maximum comfort and performance.";Current
244;HL Road Frame - Red, 48;Road Frames;Components;48;2,16;1;"R ";HL Road Frame;"Our lightest and best quality aluminum frame made from the newest alloy; it is welded and heat-treated for strength. Our innovative design results in maximum comfort and performance.";Outdate
245;HL Road Frame - Red, 48;Road Frames;Components;48;2,16;1;"R ";HL Road Frame;"Our lightest and best quality aluminum frame made from the newest alloy; it is welded and heat-treated for strength. Our innovative design results in maximum comfort and performance.";Outdate
246;HL Road Frame - Red, 48;Road Frames;Components;48;2,16;1;"R ";HL Road Frame;"Our lightest and best quality aluminum frame made from the newest alloy; it is welded and heat-treated for strength. Our innovative design results in maximum comfort and performance.";Current
247;HL Road Frame - Red, 52;Road Frames;Components;52;2,2;1;"R ";HL Road Frame;"Our lightest and best quality aluminum frame made from the newest alloy; it is welded and heat-treated for strength. Our innovative design results in maximum comfort and performance.";Outdate
248;HL Road Frame - Red, 52;Road Frames;Components;52;2,2;1;"R ";HL Road Frame;"Our lightest and best quality aluminum frame made from the newest alloy; it is welded and heat-treated for strength. Our innovative design results in maximum comfort and performance.";Outdate
249;HL Road Frame - Red, 52;Road Frames;Components;52;2,2;1;"R ";HL Road Frame;"Our lightest and best quality aluminum frame made from the newest alloy; it is welded and heat-treated for strength. Our innovative design results in maximum comfort and performance.";Current
250;HL Road Frame - Red, 56;Road Frames;Components;56;2,24;1;"R ";HL Road Frame;"Our lightest and best quality aluminum frame made from the newest alloy; it is welded and heat-treated for strength. Our innovative design results in maximum comfort and performance.";Outdate
251;HL Road Frame - Red, 56;Road Frames;Components;56;2,24;1;"R ";HL Road Frame;"Our lightest and best quality aluminum frame made from the newest alloy; it is welded and heat-treated for strength. Our innovative design results in maximum comfort and performance.";Outdate
252;HL Road Frame - Red, 56;Road Frames;Components;56;2,24;1;"R ";HL Road Frame;"Our lightest and best quality aluminum frame made from the newest alloy; it is welded and heat-treated for strength. Our innovative design results in maximum comfort and performance.";Current
211;HL Road Frame - Red, 58;Road Frames;Components;58;2,24;1;"R ";HL Road Frame;"Our lightest and best quality aluminum frame made from the newest alloy; it is welded and heat-treated for strength. Our innovative design results in maximum comfort and performance.";Current
238;HL Road Frame - Red, 62;Road Frames;Components;62;2,3;1;"R ";HL Road Frame;"Our lightest and best quality aluminum frame made from the newest alloy; it is welded and heat-treated for strength. Our innovative design results in maximum comfort and performance.";Outdate
239;HL Road Frame - Red, 62;Road Frames;Components;62;2,3;1;"R ";HL Road Frame;"Our lightest and best quality aluminum frame made from the newest alloy; it is welded and heat-treated for strength. Our innovative design results in maximum comfort and performance.";Outdate
240;HL Road Frame - Red, 62;Road Frames;Components;62;2,3;1;"R ";HL Road Frame;"Our lightest and best quality aluminum frame made from the newest alloy; it is welded and heat-treated for strength. Our innovative design results in maximum comfort and performance.";Current
415;HL Road Front Wheel;Wheels;Components;NULL;650;1;"R ";HL Road Front Wheel;Strong wheel with double-walled rim.;Outdate
407;HL Road Handlebars;Handlebars;Components;NULL;NULL;1;"R ";HL Road Handlebars;"Designed for racers; high-end anatomically shaped bar from aluminum alloy.";Outdate
408;HL Road Handlebars;Handlebars;Components;NULL;NULL;1;"R ";HL Road Handlebars;"Designed for racers; high-end anatomically shaped bar from aluminum alloy.";Current
547;HL Road Pedal;Pedals;Components;NULL;149;1;"R ";HL Road Pedal;Top-of-the-line clipless pedals with adjustable tension.;Current
424;HL Road Rear Wheel;Wheels;Components;NULL;890;1;"R ";HL Road Rear Wheel;Strong rear wheel with double-walled rim.;Outdate
520;HL Road Seat/Saddle;Saddles;Components;NULL;NULL;1;"R ";HL Road Seat/Saddle 2;Lightweight kevlar racing saddle. Leather.;Current
497;HL Touring Frame - Blue, 46;Touring Frames;Components;46;2,96;1;"T ";HL Touring Frame;"The HL aluminum frame is custom-shaped for both good looks and strength; it will withstand the most rigorous challenges of daily riding. Men's version.";Current
498;HL Touring Frame - Blue, 50;Touring Frames;Components;50;3;1;"T ";HL Touring Frame;"The HL aluminum frame is custom-shaped for both good looks and strength; it will withstand the most rigorous challenges of daily riding. Men's version.";Current
499;HL Touring Frame - Blue, 54;Touring Frames;Components;54;3,04;1;"T ";HL Touring Frame;"The HL aluminum frame is custom-shaped for both good looks and strength; it will withstand the most rigorous challenges of daily riding. Men's version.";Current
500;HL Touring Frame - Blue, 60;Touring Frames;Components;60;3,08;1;"T ";HL Touring Frame;"The HL aluminum frame is custom-shaped for both good looks and strength; it will withstand the most rigorous challenges of daily riding. Men's version.";Current
494;HL Touring Frame - Yellow, 46;Touring Frames;Components;46;2,96;1;"T ";HL Touring Frame;"The HL aluminum frame is custom-shaped for both good looks and strength; it will withstand the most rigorous challenges of daily riding. Men's version.";Current
495;HL Touring Frame - Yellow, 50;Touring Frames;Components;50;3;1;"T ";HL Touring Frame;"The HL aluminum frame is custom-shaped for both good looks and strength; it will withstand the most rigorous challenges of daily riding. Men's version.";Current
496;HL Touring Frame - Yellow, 54;Touring Frames;Components;54;3,04;1;"T ";HL Touring Frame;"The HL aluminum frame is custom-shaped for both good looks and strength; it will withstand the most rigorous challenges of daily riding. Men's version.";Current
492;HL Touring Frame - Yellow, 60;Touring Frames;Components;60;3,08;1;"T ";HL Touring Frame;"The HL aluminum frame is custom-shaped for both good looks and strength; it will withstand the most rigorous challenges of daily riding. Men's version.";Current
554;HL Touring Handlebars;Handlebars;Components;NULL;NULL;1;"T ";HL Touring Handlebars;A light yet stiff aluminum bar for long distance riding.;Current
523;HL Touring Seat/Saddle;Saddles;Components;NULL;NULL;1;"T ";HL Touring Seat/Saddle;Cut-out shell for a more comfortable ride.;Current
601;LL Bottom Bracket;Bottom Brackets;Components;NULL;223;1;NULL;LL Bottom Bracket;Chromoly steel.;Current
556;LL Crankset;Cranksets;Components;NULL;600;1;NULL;LL Crankset;Super rigid spindle.;Current
391;LL Fork;Forks;Components;NULL;NULL;1;NULL;LL Fork;Stout design absorbs shock and offers more precise steering.;Outdate
394;LL Headset;Headsets;Components;NULL;NULL;1;NULL;LL Headset;Threadless headset provides quality at an economical price.;Outdate
550;LL Mountain Frame - Black, 40;Mountain Frames;Components;40;2,88;2;"M ";LL Mountain Frame;Our best value utilizing the same, ground-breaking frame technology as the ML aluminum frame.;Current
531;LL Mountain Frame - Black, 42;Mountain Frames;Components;42;2,92;1;"M ";LL Mountain Frame;Our best value utilizing the same, ground-breaking frame technology as the ML aluminum frame.;Current
532;LL Mountain Frame - Black, 44;Mountain Frames;Components;44;2,96;1;"M ";LL Mountain Frame;Our best value utilizing the same, ground-breaking frame technology as the ML aluminum frame.;Current
533;LL Mountain Frame - Black, 48;Mountain Frames;Components;48;3;1;"M ";LL Mountain Frame;Our best value utilizing the same, ground-breaking frame technology as the ML aluminum frame.;Current
534;LL Mountain Frame - Black, 52;Mountain Frames;Components;52;3,04;1;"M ";LL Mountain Frame;Our best value utilizing the same, ground-breaking frame technology as the ML aluminum frame.;Current
551;LL Mountain Frame - Silver, 40;Mountain Frames;Components;40;2,88;2;"M ";LL Mountain Frame;Our best value utilizing the same, ground-breaking frame technology as the ML aluminum frame.;Current
524;LL Mountain Frame - Silver, 42;Mountain Frames;Components;42;2,92;1;"M ";LL Mountain Frame;Our best value utilizing the same, ground-breaking frame technology as the ML aluminum frame.;Current
525;LL Mountain Frame - Silver, 44;Mountain Frames;Components;44;2,96;1;"M ";LL Mountain Frame;Our best value utilizing the same, ground-breaking frame technology as the ML aluminum frame.;Current
526;LL Mountain Frame - Silver, 48;Mountain Frames;Components;48;3;1;"M ";LL Mountain Frame;Our best value utilizing the same, ground-breaking frame technology as the ML aluminum frame.;Current
527;LL Mountain Frame - Silver, 52;Mountain Frames;Components;52;3,04;1;"M ";LL Mountain Frame;Our best value utilizing the same, ground-breaking frame technology as the ML aluminum frame.;Current
410;LL Mountain Front Wheel;Wheels;Components;NULL;NULL;1;"M ";LL Mountain Front Wheel;Replacement mountain wheel for entry-level rider.;Outdate
397;LL Mountain Handlebars;Handlebars;Components;NULL;NULL;1;"M ";LL Mountain Handlebars;All-purpose bar for on or off-road.;Outdate
398;LL Mountain Handlebars;Handlebars;Components;NULL;NULL;1;"M ";LL Mountain Handlebars;All-purpose bar for on or off-road.;Current
542;LL Mountain Pedal;Pedals;Components;NULL;218;1;"M ";LL Mountain Pedal;"Expanded platform so you can ride in any shoes; great for all-around riding.";Current
419;LL Mountain Rear Wheel;Wheels;Components;NULL;NULL;1;"M ";LL Mountain Rear Wheel;Replacement mountain wheel for entry-level rider.;Outdate
515;LL Mountain Seat/Saddle;Saddles;Components;NULL;NULL;1;"M ";LL Mountain Seat/Saddle 2;Synthetic leather. Features gel for increased comfort.;Current
279;LL Road Frame - Black, 44;Road Frames;Components;44;2,32;1;"R ";LL Road Frame;The LL Frame provides a safe comfortable ride, while offering superior bump absorption in a value-priced aluminum frame.;Outdate
280;LL Road Frame - Black, 44;Road Frames;Components;44;2,32;1;"R ";LL Road Frame;The LL Frame provides a safe comfortable ride, while offering superior bump absorption in a value-priced aluminum frame.;Outdate
281;LL Road Frame - Black, 44;Road Frames;Components;44;2,32;1;"R ";LL Road Frame;The LL Frame provides a safe comfortable ride, while offering superior bump absorption in a value-priced aluminum frame.;Current
282;LL Road Frame - Black, 48;Road Frames;Components;48;2,36;1;"R ";LL Road Frame;The LL Frame provides a safe comfortable ride, while offering superior bump absorption in a value-priced aluminum frame.;Outdate
283;LL Road Frame - Black, 48;Road Frames;Components;48;2,36;1;"R ";LL Road Frame;The LL Frame provides a safe comfortable ride, while offering superior bump absorption in a value-priced aluminum frame.;Outdate
284;LL Road Frame - Black, 48;Road Frames;Components;48;2,36;1;"R ";LL Road Frame;The LL Frame provides a safe comfortable ride, while offering superior bump absorption in a value-priced aluminum frame.;Current
285;LL Road Frame - Black, 52;Road Frames;Components;52;2,4;1;"R ";LL Road Frame;The LL Frame provides a safe comfortable ride, while offering superior bump absorption in a value-priced aluminum frame.;Outdate
286;LL Road Frame - Black, 52;Road Frames;Components;52;2,4;1;"R ";LL Road Frame;The LL Frame provides a safe comfortable ride, while offering superior bump absorption in a value-priced aluminum frame.;Outdate
287;LL Road Frame - Black, 52;Road Frames;Components;52;2,4;1;"R ";LL Road Frame;The LL Frame provides a safe comfortable ride, while offering superior bump absorption in a value-priced aluminum frame.;Current
253;LL Road Frame - Black, 58;Road Frames;Components;58;2,46;1;"R ";LL Road Frame;The LL Frame provides a safe comfortable ride, while offering superior bump absorption in a value-priced aluminum frame.;Outdate
254;LL Road Frame - Black, 58;Road Frames;Components;58;2,46;1;"R ";LL Road Frame;The LL Frame provides a safe comfortable ride, while offering superior bump absorption in a value-priced aluminum frame.;Outdate
255;LL Road Frame - Black, 58;Road Frames;Components;58;2,46;1;"R ";LL Road Frame;The LL Frame provides a safe comfortable ride, while offering superior bump absorption in a value-priced aluminum frame.;Current
256;LL Road Frame - Black, 60;Road Frames;Components;60;2,48;1;"R ";LL Road Frame;The LL Frame provides a safe comfortable ride, while offering superior bump absorption in a value-priced aluminum frame.;Outdate
257;LL Road Frame - Black, 60;Road Frames;Components;60;2,48;1;"R ";LL Road Frame;The LL Frame provides a safe comfortable ride, while offering superior bump absorption in a value-priced aluminum frame.;Outdate
258;LL Road Frame - Black, 60;Road Frames;Components;60;2,48;1;"R ";LL Road Frame;The LL Frame provides a safe comfortable ride, while offering superior bump absorption in a value-priced aluminum frame.;Current
259;LL Road Frame - Black, 62;Road Frames;Components;62;2,5;1;"R ";LL Road Frame;The LL Frame provides a safe comfortable ride, while offering superior bump absorption in a value-priced aluminum frame.;Outdate
260;LL Road Frame - Black, 62;Road Frames;Components;62;2,5;1;"R ";LL Road Frame;The LL Frame provides a safe comfortable ride, while offering superior bump absorption in a value-priced aluminum frame.;Outdate
261;LL Road Frame - Black, 62;Road Frames;Components;62;2,5;1;"R ";LL Road Frame;The LL Frame provides a safe comfortable ride, while offering superior bump absorption in a value-priced aluminum frame.;Current
262;LL Road Frame - Red, 44;Road Frames;Components;44;2,32;1;"R ";LL Road Frame;The LL Frame provides a safe comfortable ride, while offering superior bump absorption in a value-priced aluminum frame.;Outdate
263;LL Road Frame - Red, 44;Road Frames;Components;44;2,32;1;"R ";LL Road Frame;The LL Frame provides a safe comfortable ride, while offering superior bump absorption in a value-priced aluminum frame.;Outdate
264;LL Road Frame - Red, 48;Road Frames;Components;48;2,36;1;"R ";LL Road Frame;The LL Frame provides a safe comfortable ride, while offering superior bump absorption in a value-priced aluminum frame.;Outdate
265;LL Road Frame - Red, 48;Road Frames;Components;48;2,36;1;"R ";LL Road Frame;The LL Frame provides a safe comfortable ride, while offering superior bump absorption in a value-priced aluminum frame.;Outdate
266;LL Road Frame - Red, 52;Road Frames;Components;52;2,4;1;"R ";LL Road Frame;The LL Frame provides a safe comfortable ride, while offering superior bump absorption in a value-priced aluminum frame.;Outdate
267;LL Road Frame - Red, 52;Road Frames;Components;52;2,4;1;"R ";LL Road Frame;The LL Frame provides a safe comfortable ride, while offering superior bump absorption in a value-priced aluminum frame.;Outdate
268;LL Road Frame - Red, 58;Road Frames;Components;58;2,46;1;"R ";LL Road Frame;The LL Frame provides a safe comfortable ride, while offering superior bump absorption in a value-priced aluminum frame.;Outdate
269;LL Road Frame - Red, 58;Road Frames;Components;58;2,46;1;"R ";LL Road Frame;The LL Frame provides a safe comfortable ride, while offering superior bump absorption in a value-priced aluminum frame.;Outdate
270;LL Road Frame - Red, 60;Road Frames;Components;60;2,48;1;"R ";LL Road Frame;The LL Frame provides a safe comfortable ride, while offering superior bump absorption in a value-priced aluminum frame.;Outdate
271;LL Road Frame - Red, 60;Road Frames;Components;60;2,48;1;"R ";LL Road Frame;The LL Frame provides a safe comfortable ride, while offering superior bump absorption in a value-priced aluminum frame.;Outdate
272;LL Road Frame - Red, 62;Road Frames;Components;62;2,5;1;"R ";LL Road Frame;The LL Frame provides a safe comfortable ride, while offering superior bump absorption in a value-priced aluminum frame.;Outdate
273;LL Road Frame - Red, 62;Road Frames;Components;62;2,5;1;"R ";LL Road Frame;The LL Frame provides a safe comfortable ride, while offering superior bump absorption in a value-priced aluminum frame.;Outdate
413;LL Road Front Wheel;Wheels;Components;NULL;900;1;"R ";LL Road Front Wheel;Replacement road front wheel for entry-level cyclist.;Outdate
403;LL Road Handlebars;Handlebars;Components;NULL;NULL;1;"R ";LL Road Handlebars;Unique shape provides easier reach to the levers.;Outdate
404;LL Road Handlebars;Handlebars;Components;NULL;NULL;1;"R ";LL Road Handlebars;Unique shape provides easier reach to the levers.;Current
545;LL Road Pedal;Pedals;Components;NULL;189;1;"R ";LL Road Pedal;Clipless pedals - aluminum.;Current
422;LL Road Rear Wheel;Wheels;Components;NULL;1050;1;"R ";LL Road Rear Wheel;Replacement road rear wheel for entry-level cyclist.;Outdate
518;LL Road Seat/Saddle;Saddles;Components;NULL;NULL;1;"R ";LL Road Seat/Saddle 1;Lightweight foam-padded saddle.;Current
510;LL Touring Frame - Blue, 44;Touring Frames;Components;44;3,02;1;"T ";LL Touring Frame;Lightweight butted aluminum frame provides a more upright riding position for a trip around town.  Our ground-breaking design provides optimum comfort.;Current
502;LL Touring Frame - Blue, 50;Touring Frames;Components;50;3,1;1;"T ";LL Touring Frame;Lightweight butted aluminum frame provides a more upright riding position for a trip around town.  Our ground-breaking design provides optimum comfort.;Current
503;LL Touring Frame - Blue, 54;Touring Frames;Components;54;3,14;1;"T ";LL Touring Frame;Lightweight butted aluminum frame provides a more upright riding position for a trip around town.  Our ground-breaking design provides optimum comfort.;Current
504;LL Touring Frame - Blue, 58;Touring Frames;Components;58;3,16;1;"T ";LL Touring Frame;Lightweight butted aluminum frame provides a more upright riding position for a trip around town.  Our ground-breaking design provides optimum comfort.;Current
505;LL Touring Frame - Blue, 62;Touring Frames;Components;62;3,2;1;"T ";LL Touring Frame;Lightweight butted aluminum frame provides a more upright riding position for a trip around town.  Our ground-breaking design provides optimum comfort.;Current
506;LL Touring Frame - Yellow, 44;Touring Frames;Components;44;3,02;1;"T ";LL Touring Frame;Lightweight butted aluminum frame provides a more upright riding position for a trip around town.  Our ground-breaking design provides optimum comfort.;Current
507;LL Touring Frame - Yellow, 50;Touring Frames;Components;50;3,1;1;"T ";LL Touring Frame;Lightweight butted aluminum frame provides a more upright riding position for a trip around town.  Our ground-breaking design provides optimum comfort.;Current
508;LL Touring Frame - Yellow, 54;Touring Frames;Components;54;3,14;1;"T ";LL Touring Frame;Lightweight butted aluminum frame provides a more upright riding position for a trip around town.  Our ground-breaking design provides optimum comfort.;Current
509;LL Touring Frame - Yellow, 58;Touring Frames;Components;58;3,16;1;"T ";LL Touring Frame;Lightweight butted aluminum frame provides a more upright riding position for a trip around town.  Our ground-breaking design provides optimum comfort.;Current
493;LL Touring Frame - Yellow, 62;Touring Frames;Components;62;3,2;1;"T ";LL Touring Frame;Lightweight butted aluminum frame provides a more upright riding position for a trip around town.  Our ground-breaking design provides optimum comfort.;Current
553;LL Touring Handlebars;Handlebars;Components;NULL;NULL;1;"T ";LL Touring Handlebars;Unique shape reduces fatigue for entry level riders.;Current
521;LL Touring Seat/Saddle;Saddles;Components;NULL;NULL;1;"T ";LL Touring Seat/Saddle;Comfortable, ergonomically shaped gel saddle.;Current
602;ML Bottom Bracket;Bottom Brackets;Components;NULL;168;1;NULL;ML Bottom Bracket;"Aluminum alloy cups; large diameter spindle.";Current
557;ML Crankset;Cranksets;Components;NULL;635;1;NULL;ML Crankset;High-strength crank arm.;Current
392;ML Fork;Forks;Components;NULL;NULL;1;NULL;ML Fork;Composite road fork with an aluminum steerer tube.;Outdate
395;ML Headset;Headsets;Components;NULL;NULL;1;NULL;ML Headset;Sealed cartridge keeps dirt out.;Outdate
409;ML Mountain Frame - Black, 38;Mountain Frames;Components;38;2,73;2;"M ";ML Mountain Frame-W;The ML frame is a heat-treated aluminum frame made with the same detail and quality as our HL frame. It offers superior performance. Men's version.;Outdate
426;ML Mountain Frame - Black, 40;Mountain Frames;Components;40;2,77;1;"M ";ML Mountain Frame;The ML frame is a heat-treated aluminum frame made with the same detail and quality as our HL frame. It offers superior performance. Women's version.;Outdate
427;ML Mountain Frame - Black, 44;Mountain Frames;Components;44;2,81;1;"M ";ML Mountain Frame;The ML frame is a heat-treated aluminum frame made with the same detail and quality as our HL frame. It offers superior performance. Women's version.;Outdate
428;ML Mountain Frame - Black, 48;Mountain Frames;Components;48;2,85;1;"M ";ML Mountain Frame;The ML frame is a heat-treated aluminum frame made with the same detail and quality as our HL frame. It offers superior performance. Women's version.;Outdate
549;ML Mountain Frame-W - Silver, 38;Mountain Frames;Components;38;2,73;2;"M ";ML Mountain Frame-W;The ML frame is a heat-treated aluminum frame made with the same detail and quality as our HL frame. It offers superior performance. Men's version.;Current
511;ML Mountain Frame-W - Silver, 40;Mountain Frames;Components;40;2,77;1;"M ";ML Mountain Frame-W;The ML frame is a heat-treated aluminum frame made with the same detail and quality as our HL frame. It offers superior performance. Men's version.;Current
512;ML Mountain Frame-W - Silver, 42;Mountain Frames;Components;42;2,81;1;"M ";ML Mountain Frame-W;The ML frame is a heat-treated aluminum frame made with the same detail and quality as our HL frame. It offers superior performance. Men's version.;Current
513;ML Mountain Frame-W - Silver, 46;Mountain Frames;Components;46;2,85;1;"M ";ML Mountain Frame-W;The ML frame is a heat-treated aluminum frame made with the same detail and quality as our HL frame. It offers superior performance. Men's version.;Current
411;ML Mountain Front Wheel;Wheels;Components;NULL;NULL;1;"M ";ML Mountain Front Wheel;Replacement mountain wheel for the casual to serious rider.;Outdate
399;ML Mountain Handlebars;Handlebars;Components;NULL;NULL;1;"M ";ML Mountain Handlebars;Tough aluminum alloy bars for downhill.;Outdate
400;ML Mountain Handlebars;Handlebars;Components;NULL;NULL;1;"M ";ML Mountain Handlebars;Tough aluminum alloy bars for downhill.;Current
543;ML Mountain Pedal;Pedals;Components;NULL;215;1;"M ";ML Mountain Pedal;Lightweight, durable, clipless pedal with adjustable tension.;Current
420;ML Mountain Rear Wheel;Wheels;Components;NULL;NULL;1;"M ";ML Mountain Rear Wheel;Replacement mountain wheel for the casual to serious rider.;Outdate
516;ML Mountain Seat/Saddle;Saddles;Components;NULL;NULL;1;"M ";ML Mountain Seat/Saddle 2;Designed to absorb shock.;Current
274;ML Road Frame - Red, 44;Road Frames;Components;44;2,22;1;"R ";ML Road Frame;Made from the same aluminum alloy as our top-of-the line HL frame, the ML features a lightweight down-tube milled to the perfect diameter for optimal strength. Men's version.;Outdate
275;ML Road Frame - Red, 48;Road Frames;Components;48;2,26;1;"R ";ML Road Frame;Made from the same aluminum alloy as our top-of-the line HL frame, the ML features a lightweight down-tube milled to the perfect diameter for optimal strength. Men's version.;Outdate
276;ML Road Frame - Red, 52;Road Frames;Components;52;2,3;1;"R ";ML Road Frame;Made from the same aluminum alloy as our top-of-the line HL frame, the ML features a lightweight down-tube milled to the perfect diameter for optimal strength. Men's version.;Outdate
277;ML Road Frame - Red, 58;Road Frames;Components;58;2,36;1;"R ";ML Road Frame;Made from the same aluminum alloy as our top-of-the line HL frame, the ML features a lightweight down-tube milled to the perfect diameter for optimal strength. Men's version.;Outdate
278;ML Road Frame - Red, 60;Road Frames;Components;60;2,38;1;"R ";ML Road Frame;Made from the same aluminum alloy as our top-of-the line HL frame, the ML features a lightweight down-tube milled to the perfect diameter for optimal strength. Men's version.;Outdate
417;ML Road Frame-W - Yellow, 38;Road Frames;Components;38;2,18;2;"R ";ML Road Frame-W;Made from the same aluminum alloy as our top-of-the line HL frame, the ML features a lightweight down-tube milled to the perfect diameter for optimal strength. Women's version.;Outdate
418;ML Road Frame-W - Yellow, 38;Road Frames;Components;38;2,18;2;"R ";ML Road Frame-W;Made from the same aluminum alloy as our top-of-the line HL frame, the ML features a lightweight down-tube milled to the perfect diameter for optimal strength. Women's version.;Current
429;ML Road Frame-W - Yellow, 40;Road Frames;Components;40;2,22;1;"R ";ML Road Frame-W;Made from the same aluminum alloy as our top-of-the line HL frame, the ML features a lightweight down-tube milled to the perfect diameter for optimal strength. Women's version.;Outdate
430;ML Road Frame-W - Yellow, 40;Road Frames;Components;40;2,22;1;"R ";ML Road Frame-W;Made from the same aluminum alloy as our top-of-the line HL frame, the ML features a lightweight down-tube milled to the perfect diameter for optimal strength. Women's version.;Current
431;ML Road Frame-W - Yellow, 42;Road Frames;Components;42;2,26;1;"R ";ML Road Frame-W;Made from the same aluminum alloy as our top-of-the line HL frame, the ML features a lightweight down-tube milled to the perfect diameter for optimal strength. Women's version.;Outdate
432;ML Road Frame-W - Yellow, 42;Road Frames;Components;42;2,26;1;"R ";ML Road Frame-W;Made from the same aluminum alloy as our top-of-the line HL frame, the ML features a lightweight down-tube milled to the perfect diameter for optimal strength. Women's version.;Current
433;ML Road Frame-W - Yellow, 44;Road Frames;Components;44;2,3;1;"R ";ML Road Frame-W;Made from the same aluminum alloy as our top-of-the line HL frame, the ML features a lightweight down-tube milled to the perfect diameter for optimal strength. Women's version.;Outdate
434;ML Road Frame-W - Yellow, 44;Road Frames;Components;44;2,3;1;"R ";ML Road Frame-W;Made from the same aluminum alloy as our top-of-the line HL frame, the ML features a lightweight down-tube milled to the perfect diameter for optimal strength. Women's version.;Current
435;ML Road Frame-W - Yellow, 48;Road Frames;Components;48;2,34;1;"R ";ML Road Frame-W;Made from the same aluminum alloy as our top-of-the line HL frame, the ML features a lightweight down-tube milled to the perfect diameter for optimal strength. Women's version.;Outdate
436;ML Road Frame-W - Yellow, 48;Road Frames;Components;48;2,34;1;"R ";ML Road Frame-W;Made from the same aluminum alloy as our top-of-the line HL frame, the ML features a lightweight down-tube milled to the perfect diameter for optimal strength. Women's version.;Current
414;ML Road Front Wheel;Wheels;Components;NULL;850;1;"R ";ML Road Front Wheel;Sturdy alloy features a quick-release hub.;Outdate
405;ML Road Handlebars;Handlebars;Components;NULL;NULL;1;"R ";ML Road Handlebars;Anatomically shaped aluminum tube bar will suit all riders.;Outdate
406;ML Road Handlebars;Handlebars;Components;NULL;NULL;1;"R ";ML Road Handlebars;Anatomically shaped aluminum tube bar will suit all riders.;Current
546;ML Road Pedal;Pedals;Components;NULL;168;1;"R ";ML Road Pedal;Lightweight aluminum alloy construction.;Current
423;ML Road Rear Wheel;Wheels;Components;NULL;1000;1;"R ";ML Road Rear Wheel;"Aluminum alloy rim with stainless steel spokes; built for speed.";Outdate
519;ML Road Seat/Saddle;Saddles;Components;NULL;NULL;1;"T ";ML Road Seat/Saddle 2;Rubber bumpers absorb bumps.;Current
522;ML Touring Seat/Saddle;Saddles;Components;NULL;NULL;1;"T ";ML Touring Seat/Saddle;New design relieves pressure for long rides.;Current
514;Rear Brakes;Brakes;Components;NULL;317;1;NULL;Rear Brakes;NULL;Current
501;Rear Derailleur;Derailleurs;Components;NULL;215;1;NULL;Rear Derailleur;Wide-link design.;Current
416;Touring Front Wheel;Wheels;Components;NULL;NULL;1;"T ";Touring Front Wheel;Aerodynamic rims for smooth riding.;Outdate
548;Touring Pedal;Pedals;Components;NULL;NULL;1;"T ";Touring Pedal;A stable pedal for all-day riding.;Current
425;Touring Rear Wheel;Wheels;Components;NULL;NULL;1;"T ";Touring Rear Wheel;Excellent aerodynamic rims guarantee a smooth ride.;Outdate
